Workbook
Name SegmentaciónDeDatos_Client: #N/A
Name SegmentaciónDeDatos_Client1: #N/A
Name SegmentaciónDeDatos_Client2: #N/A
Name SegmentaciónDeDatos_OOS__Clean: #N/A
Name SegmentaciónDeDatos_Status_Final: #N/A
Name SegmentaciónDeDatos_Status_Final__Clean: #N/A
Name SegmentaciónDeDatos_Week__Actual_Pull: #N/A

Sheet WEEKLY PULL-OUT SCHEDULE
A1: ℹ️ DEMO FILE — All data is fictitious for portfolio purposes only
A2: WEEKLY PULL-OUT SCHEDULE & TESTING STATUS — Demo Data
A4: Client | B4: Stability No. | C4: Product Name | D4: Timepoint | E4: Storage Conditions | F4: Scheduled Retrieval | G4: Window Start | H4: Window End | I4: Actual Pull Date | J4: Testing Deadline | K4: Days to Window | L4: STATUS | M4: Testing Status | N4: Status Final | O4: QIDR # | P4: OOS | Q4: Comment | R4: Documentation Completed | S4: KEY (Stability+Timepoint) | T4: Status Final (Clean) | U4: Year | V4: OOS (Clean) | W4: Week (Actual Pull)
A5: NovaMed Pharma | B5: 801 | C5: Omega-3 Fish Oil Capsules | D5: M9 | E5: 30°C/65%RH | F5: 45764 | G5: 45757 | H5: 45771 | I5: 45764 | J5: 45794 | K5: =IF(I5="","",I5-G5) -> 7 | L5: Active | M5: In Progress | N5: Completed | P5: N/A | R5: Yes | S5: =TRIM(CLEAN(B5))&"|"&TRIM(CLEAN(D5)) -> 801|M9 | T5: =IF(N5="","Pending",N5) -> Completed | U5: =IF(I5="","",YEAR(I5)) -> 2025 | V5: =IF(P5="N/A","No OOS",IF(ISNUMBER(FIND("OOS Closed",Q5)),"Closed","Open")) -> No OOS | W5: =IF(I5="", "", "Week " & INT((DAY(I5)-1)/7)+1 & " of " & TEXT(I5, "mmmm")) -> Week 3 of April
A6: NovaMed Pharma | B6: 801 | C6: Omega-3 Fish Oil Capsules | D6: M3 | E6: 40°C/75%RH | K6: =IF(I6="","",I6-G6) | P6: 26-03-007 | S6: =TRIM(CLEAN(B6))&"|"&TRIM(CLEAN(D6)) -> 801|M3 | T6: =IF(N6="","Pending",N6) -> Pending | U6: =IF(I6="","",YEAR(I6)) | V6: =IF(P6="N/A","No OOS",IF(ISNUMBER(FIND("OOS Closed",Q6)),"Closed","Open")) -> Open | W6: =IF(I6="", "", "Week " & INT((DAY(I6)-1)/7)+1 & " of " & TEXT(I6, "mmmm"))
A7: NovaMed Pharma | B7: 801 | C7: Omega-3 Fish Oil Capsules | D7: M24 | E7: 30°C/65%RH | K7: =IF(I7="","",I7-G7) | P7: 26-03-007 | S7: =TRIM(CLEAN(B7))&"|"&TRIM(CLEAN(D7)) -> 801|M24 | T7: =IF(N7="","Pending",N7) -> Pending | U7: =IF(I7="","",YEAR(I7)) | V7: =IF(P7="N/A","No OOS",IF(ISNUMBER(FIND("OOS Closed",Q7)),"Closed","Open")) -> Open | W7: =IF(I7="", "", "Week " & INT((DAY(I7)-1)/7)+1 & " of " & TEXT(I7, "mmmm"))
A8: NovaMed Pharma | B8: 801 | C8: Omega-3 Fish Oil Capsules | D8: M1 | E8: 40°C/75%RH | F8: 45799 | G8: 45793 | H8: 45807 | I8: 45800 | J8: 45830 | K8: =IF(I8="","",I8-G8) -> 7 | L8: Active | M8: In Progress | P8: N/A | S8: =TRIM(CLEAN(B8))&"|"&TRIM(CLEAN(D8)) -> 801|M1 | T8: =IF(N8="","Pending",N8) -> Pending | U8: =IF(I8="","",YEAR(I8)) -> 2025 | V8: =IF(P8="N/A","No OOS",IF(ISNUMBER(FIND("OOS Closed",Q8)),"Closed","Open")) -> No OOS | W8: =IF(I8="", "", "Week " & INT((DAY(I8)-1)/7)+1 & " of " & TEXT(I8, "mmmm")) -> Week 4 of May
A9: NovaMed Pharma | B9: 801 | C9: Omega-3 Fish Oil Capsules | D9: M12 | E9: 5°C±3°C | F9: 46161 | G9: 46154 | H9: 46168 | I9: 46161 | J9: 46191 | K9: =IF(I9="","",I9-G9) -> 7 | L9: Active | M9: In Progress | P9: N/A | S9: =TRIM(CLEAN(B9))&"|"&TRIM(CLEAN(D9)) -> 801|M12 | T9: =IF(N9="","Pending",N9) -> Pending | U9: =IF(I9="","",YEAR(I9)) -> 2026 | V9: =IF(P9="N/A","No OOS",IF(ISNUMBER(FIND("OOS Closed",Q9)),"Closed","Open")) -> No OOS | W9: =IF(I9="", "", "Week " & INT((DAY(I9)-1)/7)+1 & " of " & TEXT(I9, "mmmm")) -> Week 3 of May
A10: NovaMed Pharma | B10: 821 | C10: Zinc Lozenges 10mg | D10: M9 | E10: 5°C±3°C | F10: 45775 | G10: 45781 | H10: 45795 | I10: 45788 | J10: 45818 | K10: =IF(I10="","",I10-G10) -> 7 | L10: Active | M10: In Progress | N10: Not Completed | P10: N/A | S10: =TRIM(CLEAN(B10))&"|"&TRIM(CLEAN(D10)) -> 821|M9 | T10: =IF(N10="","Pending",N10) -> Not Completed | U10: =IF(I10="","",YEAR(I10)) -> 2025 | V10: =IF(P10="N/A","No OOS",IF(ISNUMBER(FIND("OOS Closed",Q10)),"Closed","Open")) -> No OOS | W10: =IF(I10="", "", "Week " & INT((DAY(I10)-1)/7)+1 & " of " & TEXT(I10, "mmmm")) -> Week 2 of May
A11: NovaMed Pharma | B11: 821 | C11: Zinc Lozenges 10mg | D11: M18 | E11: 40°C/75%RH | F11: 45932 | G11: 45927 | H11: 45941 | I11: 45934 | J11: 45964 | K11: =IF(I11="","",I11-G11) -> 7 | L11: Active | M11: In Progress | P11: 26-02-003 | S11: =TRIM(CLEAN(B11))&"|"&TRIM(CLEAN(D11)) -> 821|M18 | T11: =IF(N11="","Pending",N11) -> Pending | U11: =IF(I11="","",YEAR(I11)) -> 2025 | V11: =IF(P11="N/A","No OOS",IF(ISNUMBER(FIND("OOS Closed",Q11)),"Closed","Open")) -> Open | W11: =IF(I11="", "", "Week " & INT((DAY(I11)-1)/7)+1 & " of " & TEXT(I11, "mmmm")) -> Week 1 of October
A12: NovaMed Pharma | B12: 821 | C12: Zinc Lozenges 10mg | D12: M1 | E12: 30°C/65%RH | F12: 45775 | G12: 45777 | H12: 45791 | I12: 45784 | J12: 45814 | K12: =IF(I12="","",I12-G12) -> 7 | L12: Active | M12: In Progress | N12: Not Completed | P12: N/A | S12: =TRIM(CLEAN(B12))&"|"&TRIM(CLEAN(D12)) -> 821|M1 | T12: =IF(N12="","Pending",N12) -> Not Completed | U12: =IF(I12="","",YEAR(I12)) -> 2025 | V12: =IF(P12="N/A","No OOS",IF(ISNUMBER(FIND("OOS Closed",Q12)),"Closed","Open")) -> No OOS | W12: =IF(I12="", "", "Week " & INT((DAY(I12)-1)/7)+1 & " of " & TEXT(I12, "mmmm")) -> Week 1 of May
A13: NovaMed Pharma | B13: 821 | C13: Zinc Lozenges 10mg | D13: M24 | E13: 40°C/75%RH | F13: 46064 | G13: 46068 | H13: 46082 | I13: 46075 | J13: 46105 | K13: =IF(I13="","",I13-G13) -> 7 | L13: Active | M13: In Progress | P13: N/A | S13: =TRIM(CLEAN(B13))&"|"&TRIM(CLEAN(D13)) -> 821|M24 | T13: =IF(N13="","Pending",N13) -> Pending | U13: =IF(I13="","",YEAR(I13)) -> 2026 | V13: =IF(P13="N/A","No OOS",IF(ISNUMBER(FIND("OOS Closed",Q13)),"Closed","Open")) -> No OOS | W13: =IF(I13="", "", "Week " & INT((DAY(I13)-1)/7)+1 & " of " & TEXT(I13, "mmmm")) -> Week 4 of February
A14: NovaMed Pharma | B14: 821 | C14: Zinc Lozenges 10mg | D14: M3 | E14: 25°C/60%RH | F14: 45852 | G14: 45858 | H14: 45872 | I14: 45865 | J14: 45895 | K14: =IF(I14="","",I14-G14) -> 7 | L14: Active | M14: In Progress | N14: Completed | P14: 26-02-003 | R14: Yes | S14: =TRIM(CLEAN(B14))&"|"&TRIM(CLEAN(D14)) -> 821|M3 | T14: =IF(N14="","Pending",N14) -> Completed | U14: =IF(I14="","",YEAR(I14)) -> 2025 | V14: =IF(P14="N/A","No OOS",IF(ISNUMBER(FIND("OOS Closed",Q14)),"Closed","Open")) -> Open | W14: =IF(I14="", "", "Week " & INT((DAY(I14)-1)/7)+1 & " of " & TEXT(I14, "mmmm")) -> Week 4 of July
A15: NovaMed Pharma | B15: 832 | C15: Turmeric Extract Capsules | D15: M36 | E15: 40°C/75%RH | K15: =IF(I15="","",I15-G15) | P15: N/A | S15: =TRIM(CLEAN(B15))&"|"&TRIM(CLEAN(D15)) -> 832|M36 | T15: =IF(N15="","Pending",N15) -> Pending | U15: =IF(I15="","",YEAR(I15)) | V15: =IF(P15="N/A","No OOS",IF(ISNUMBER(FIND("OOS Closed",Q15)),"Closed","Open")) -> No OOS | W15: =IF(I15="", "", "Week " & INT((DAY(I15)-1)/7)+1 & " of " & TEXT(I15, "mmmm"))
A16: NovaMed Pharma | B16: 832 | C16: Turmeric Extract Capsules | D16: M9 | E16: 30°C/65%RH | F16: 46040 | G16: 46039 | H16: 46053 | I16: 46046 | J16: 46076 | K16: =IF(I16="","",I16-G16) -> 7 | L16: Active | M16: In Progress | P16: N/A | S16: =TRIM(CLEAN(B16))&"|"&TRIM(CLEAN(D16)) -> 832|M9 | T16: =IF(N16="","Pending",N16) -> Pending | U16: =IF(I16="","",YEAR(I16)) -> 2026 | V16: =IF(P16="N/A","No OOS",IF(ISNUMBER(FIND("OOS Closed",Q16)),"Closed","Open")) -> No OOS | W16: =IF(I16="", "", "Week " & INT((DAY(I16)-1)/7)+1 & " of " & TEXT(I16, "mmmm")) -> Week 4 of January
A17: NovaMed Pharma | B17: 832 | C17: Turmeric Extract Capsules | D17: M18 | E17: 30°C/65%RH | K17: =IF(I17="","",I17-G17) | P17: N/A | R17: Yes | S17: =TRIM(CLEAN(B17))&"|"&TRIM(CLEAN(D17)) -> 832|M18 | T17: =IF(N17="","Pending",N17) -> Pending | U17: =IF(I17="","",YEAR(I17)) | V17: =IF(P17="N/A","No OOS",IF(ISNUMBER(FIND("OOS Closed",Q17)),"Closed","Open")) -> No OOS | W17: =IF(I17="", "", "Week " & INT((DAY(I17)-1)/7)+1 & " of " & TEXT(I17, "mmmm"))
A18: NovaMed Pharma | B18: 832 | C18: Turmeric Extract Capsules | D18: M24 | E18: 5°C±3°C | F18: 45955 | G18: 45957 | H18: 45971 | I18: 45964 | J18: 45994 | K18: =IF(I18="","",I18-G18) -> 7 | L18: Active | M18: In Progress | N18: Completed | P18: 26-03-007 | R18: Yes | S18: =TRIM(CLEAN(B18))&"|"&TRIM(CLEAN(D18)) -> 832|M24 | T18: =IF(N18="","Pending",N18) -> Completed | U18: =IF(I18="","",YEAR(I18)) -> 2025 | V18: =IF(P18="N/A","No OOS",IF(ISNUMBER(FIND("OOS Closed",Q18)),"Closed","Open")) -> Open | W18: =IF(I18="", "", "Week " & INT((DAY(I18)-1)/7)+1 & " of " & TEXT(I18, "mmmm")) -> Week 1 of November
A19: NovaMed Pharma | B19: 833 | C19: CoQ10 100mg Softgels | D19: M12 | E19: 40°C/75%RH | F19: 45892 | G19: 45891 | H19: 45905 | I19: 45898 | J19: 45928 | K19: =IF(I19="","",I19-G19) -> 7 | L19: Active | M19: In Progress | N19: Not Completed | O19: QIDR-880 | P19: 26-04-012 | S19: =TRIM(CLEAN(B19))&"|"&TRIM(CLEAN(D19)) -> 833|M12 | T19: =IF(N19="","Pending",N19) -> Not Completed | U19: =IF(I19="","",YEAR(I19)) -> 2025 | V19: =IF(P19="N/A","No OOS",IF(ISNUMBER(FIND("OOS Closed",Q19)),"Closed","Open")) -> Open | W19: =IF(I19="", "", "Week " & INT((DAY(I19)-1)/7)+1 & " of " & TEXT(I19, "mmmm")) -> Week 5 of August
A20: NovaMed Pharma | B20: 833 | C20: CoQ10 100mg Softgels | D20: M24 | E20: 30°C/65%RH | F20: 45789 | G20: 45795 | H20: 45809 | I20: 45802 | J20: 45832 | K20: =IF(I20="","",I20-G20) -> 7 | L20: Active | M20: In Progress | P20: N/A | S20: =TRIM(CLEAN(B20))&"|"&TRIM(CLEAN(D20)) -> 833|M24 | T20: =IF(N20="","Pending",N20) -> Pending | U20: =IF(I20="","",YEAR(I20)) -> 2025 | V20: =IF(P20="N/A","No OOS",IF(ISNUMBER(FIND("OOS Closed",Q20)),"Closed","Open")) -> No OOS | W20: =IF(I20="", "", "Week " & INT((DAY(I20)-1)/7)+1 & " of " & TEXT(I20, "mmmm")) -> Week 4 of May
A21: NovaMed Pharma | B21: 833 | C21: CoQ10 100mg Softgels | D21: M18 | E21: 40°C/75%RH | F21: 46132 | G21: 46139 | H21: 46153 | I21: 46146 | J21: 46176 | K21: =IF(I21="","",I21-G21) -> 7 | L21: Active | M21: In Progress | P21: N/A | S21: =TRIM(CLEAN(B21))&"|"&TRIM(CLEAN(D21)) -> 833|M18 | T21: =IF(N21="","Pending",N21) -> Pending | U21: =IF(I21="","",YEAR(I21)) -> 2026 | V21: =IF(P21="N/A","No OOS",IF(ISNUMBER(FIND("OOS Closed",Q21)),"Closed","Open")) -> No OOS | W21: =IF(I21="", "", "Week " & INT((DAY(I21)-1)/7)+1 & " of " & TEXT(I21, "mmmm")) -> Week 1 of May
A22: BioCore Labs | B22: 843 | C22: Iron Supplement Drops | D22: M1 | E22: 30°C/65%RH | K22: =IF(I22="","",I22-G22) | P22: N/A | S22: =TRIM(CLEAN(B22))&"|"&TRIM(CLEAN(D22)) -> 843|M1 | T22: =IF(N22="","Pending",N22) -> Pending | U22: =IF(I22="","",YEAR(I22)) | V22: =IF(P22="N/A","No OOS",IF(ISNUMBER(FIND("OOS Closed",Q22)),"Closed","Open")) -> No OOS | W22: =IF(I22="", "", "Week " & INT((DAY(I22)-1)/7)+1 & " of " & TEXT(I22, "mmmm"))
A23: BioCore Labs | B23: 843 | C23: Iron Supplement Drops | D23: M3 | E23: 30°C/65%RH | F23: 46027 | G23: 46022 | H23: 46036 | I23: 46029 | J23: 46059 | K23: =IF(I23="","",I23-G23) -> 7 | L23: Active | M23: In Progress | P23: 26-03-007 | Q23: OOS Closed | S23: =TRIM(CLEAN(B23))&"|"&TRIM(CLEAN(D23)) -> 843|M3 | T23: =IF(N23="","Pending",N23) -> Pending | U23: =IF(I23="","",YEAR(I23)) -> 2026 | V23: =IF(P23="N/A","No OOS",IF(ISNUMBER(FIND("OOS Closed",Q23)),"Closed","Open")) -> Closed | W23: =IF(I23="", "", "Week " & INT((DAY(I23)-1)/7)+1 & " of " & TEXT(I23, "mmmm")) -> Week 1 of January
A24: BioCore Labs | B24: 843 | C24: Iron Supplement Drops | D24: M12 | E24: 5°C±3°C | F24: 46081 | G24: 46084 | H24: 46098 | I24: 46091 | J24: 46121 | K24: =IF(I24="","",I24-G24) -> 7 | L24: Active | M24: In Progress | P24: 26-04-012 | Q24: OOS Closed | S24: =TRIM(CLEAN(B24))&"|"&TRIM(CLEAN(D24)) -> 843|M12 | T24: =IF(N24="","Pending",N24) -> Pending | U24: =IF(I24="","",YEAR(I24)) -> 2026 | V24: =IF(P24="N/A","No OOS",IF(ISNUMBER(FIND("OOS Closed",Q24)),"Closed","Open")) -> Closed | W24: =IF(I24="", "", "Week " & INT((DAY(I24)-1)/7)+1 & " of " & TEXT(I24, "mmmm")) -> Week 2 of March
A25: BioCore Labs | B25: 843 | C25: Iron Supplement Drops | D25: M36 | E25: 30°C/65%RH | F25: 45921 | G25: 45914 | H25: 45928 | I25: 45921 | J25: 45951 | K25: =IF(I25="","",I25-G25) -> 7 | L25: Active | M25: In Progress | P25: N/A | S25: =TRIM(CLEAN(B25))&"|"&TRIM(CLEAN(D25)) -> 843|M36 | T25: =IF(N25="","Pending",N25) -> Pending | U25: =IF(I25="","",YEAR(I25)) -> 2025 | V25: =IF(P25="N/A","No OOS",IF(ISNUMBER(FIND("OOS Closed",Q25)),"Closed","Open")) -> No OOS | W25: =IF(I25="", "", "Week " & INT((DAY(I25)-1)/7)+1 & " of " & TEXT(I25, "mmmm")) -> Week 3 of September
A26: BioCore Labs | B26: 851 | C26: Vitamin C 500mg Tablets | D26: M1 | E26: 30°C/65%RH | K26: =IF(I26="","",I26-G26) | P26: 26-01-001 | Q26: OOS Closed | S26: =TRIM(CLEAN(B26))&"|"&TRIM(CLEAN(D26)) -> 851|M1 | T26: =IF(N26="","Pending",N26) -> Pending | U26: =IF(I26="","",YEAR(I26)) | V26: =IF(P26="N/A","No OOS",IF(ISNUMBER(FIND("OOS Closed",Q26)),"Closed","Open")) -> Closed | W26: =IF(I26="", "", "Week " & INT((DAY(I26)-1)/7)+1 & " of " & TEXT(I26, "mmmm"))
A27: BioCore Labs | B27: 851 | C27: Vitamin C 500mg Tablets | D27: M24 | E27: 5°C±3°C | F27: 46190 | G27: 46192 | H27: 46206 | I27: 46199 | J27: 46229 | K27: =IF(I27="","",I27-G27) -> 7 | L27: Active | M27: In Progress | P27: 26-04-012 | S27: =TRIM(CLEAN(B27))&"|"&TRIM(CLEAN(D27)) -> 851|M24 | T27: =IF(N27="","Pending",N27) -> Pending | U27: =IF(I27="","",YEAR(I27)) -> 2026 | V27: =IF(P27="N/A","No OOS",IF(ISNUMBER(FIND("OOS Closed",Q27)),"Closed","Open")) -> Open | W27: =IF(I27="", "", "Week " & INT((DAY(I27)-1)/7)+1 & " of " & TEXT(I27, "mmmm")) -> Week 4 of June
A28: BioCore Labs | B28: 851 | C28: Vitamin C 500mg Tablets | D28: M6 | E28: 5°C±3°C | F28: 45787 | G28: 45790 | H28: 45804 | I28: 45797 | J28: 45827 | K28: =IF(I28="","",I28-G28) -> 7 | L28: Active | M28: In Progress | O28: QIDR-155 | P28: 26-02-003 | S28: =TRIM(CLEAN(B28))&"|"&TRIM(CLEAN(D28)) -> 851|M6 | T28: =IF(N28="","Pending",N28) -> Pending | U28: =IF(I28="","",YEAR(I28)) -> 2025 | V28: =IF(P28="N/A","No OOS",IF(ISNUMBER(FIND("OOS Closed",Q28)),"Closed","Open")) -> Open | W28: =IF(I28="", "", "Week " & INT((DAY(I28)-1)/7)+1 & " of " & TEXT(I28, "mmmm")) -> Week 3 of May
A29: HealthSync Ltd | B29: 853 | C29: Omega-3 Fish Oil Capsules | D29: M18 | E29: 25°C/60%RH | F29: 45813 | G29: 45812 | H29: 45826 | I29: 45819 | J29: 45849 | K29: =IF(I29="","",I29-G29) -> 7 | L29: Active | M29: In Progress | N29: Not Completed | P29: 26-01-001 | S29: =TRIM(CLEAN(B29))&"|"&TRIM(CLEAN(D29)) -> 853|M18 | T29: =IF(N29="","Pending",N29) -> Not Completed | U29: =IF(I29="","",YEAR(I29)) -> 2025 | V29: =IF(P29="N/A","No OOS",IF(ISNUMBER(FIND("OOS Closed",Q29)),"Closed","Open")) -> Open | W29: =IF(I29="", "", "Week " & INT((DAY(I29)-1)/7)+1 & " of " & TEXT(I29, "mmmm")) -> Week 2 of June
A30: HealthSync Ltd | B30: 853 | C30: Omega-3 Fish Oil Capsules | D30: M24 | E30: 25°C/60%RH | F30: 46028 | G30: 46022 | H30: 46036 | I30: 46029 | J30: 46059 | K30: =IF(I30="","",I30-G30) -> 7 | L30: Active | M30: In Progress | N30: Completed | O30: QIDR-969 | P30: N/A | R30: Yes | S30: =TRIM(CLEAN(B30))&"|"&TRIM(CLEAN(D30)) -> 853|M24 | T30: =IF(N30="","Pending",N30) -> Completed | U30: =IF(I30="","",YEAR(I30)) -> 2026 | V30: =IF(P30="N/A","No OOS",IF(ISNUMBER(FIND("OOS Closed",Q30)),"Closed","Open")) -> No OOS | W30: =IF(I30="", "", "Week " & INT((DAY(I30)-1)/7)+1 & " of " & TEXT(I30, "mmmm")) -> Week 1 of January
A31: HealthSync Ltd | B31: 853 | C31: Omega-3 Fish Oil Capsules | D31: M1 | E31: 5°C±3°C | F31: 45949 | G31: 45949 | H31: 45963 | I31: 45956 | J31: 45986 | K31: =IF(I31="","",I31-G31) -> 7 | L31: Active | M31: In Progress | O31: QIDR-268 | P31: N/A | S31: =TRIM(CLEAN(B31))&"|"&TRIM(CLEAN(D31)) -> 853|M1 | T31: =IF(N31="","Pending",N31) -> Pending | U31: =IF(I31="","",YEAR(I31)) -> 2025 | V31: =IF(P31="N/A","No OOS",IF(ISNUMBER(FIND("OOS Closed",Q31)),"Closed","Open")) -> No OOS | W31: =IF(I31="", "", "Week " & INT((DAY(I31)-1)/7)+1 & " of " & TEXT(I31, "mmmm")) -> Week 4 of October
A32: HealthSync Ltd | B32: 853 | C32: Omega-3 Fish Oil Capsules | D32: M3 | E32: 5°C±3°C | F32: 45943 | G32: 45940 | H32: 45954 | I32: 45947 | J32: 45977 | K32: =IF(I32="","",I32-G32) -> 7 | L32: Active | M32: In Progress | P32: 26-01-001 | S32: =TRIM(CLEAN(B32))&"|"&TRIM(CLEAN(D32)) -> 853|M3 | T32: =IF(N32="","Pending",N32) -> Pending | U32: =IF(I32="","",YEAR(I32)) -> 2025 | V32: =IF(P32="N/A","No OOS",IF(ISNUMBER(FIND("OOS Closed",Q32)),"Closed","Open")) -> Open | W32: =IF(I32="", "", "Week " & INT((DAY(I32)-1)/7)+1 & " of " & TEXT(I32, "mmmm")) -> Week 3 of October
A33: HealthSync Ltd | B33: 853 | C33: Omega-3 Fish Oil Capsules | D33: M12 | E33: 40°C/75%RH | F33: 45768 | G33: 45770 | H33: 45784 | I33: 45777 | J33: 45807 | K33: =IF(I33="","",I33-G33) -> 7 | L33: Active | M33: In Progress | P33: N/A | S33: =TRIM(CLEAN(B33))&"|"&TRIM(CLEAN(D33)) -> 853|M12 | T33: =IF(N33="","Pending",N33) -> Pending | U33: =IF(I33="","",YEAR(I33)) -> 2025 | V33: =IF(P33="N/A","No OOS",IF(ISNUMBER(FIND("OOS Closed",Q33)),"Closed","Open")) -> No OOS | W33: =IF(I33="", "", "Week " & INT((DAY(I33)-1)/7)+1 & " of " & TEXT(I33, "mmmm")) -> Week 5 of April
A34: HealthSync Ltd | B34: 853 | C34: Omega-3 Fish Oil Capsules | D34: M36 | E34: 25°C/60%RH | F34: 45991 | G34: 45998 | H34: 46012 | I34: 46005 | J34: 46035 | K34: =IF(I34="","",I34-G34) -> 7 | L34: Active | M34: In Progress | O34: QIDR-182 | P34: N/A | S34: =TRIM(CLEAN(B34))&"|"&TRIM(CLEAN(D34)) -> 853|M36 | T34: =IF(N34="","Pending",N34) -> Pending | U34: =IF(I34="","",YEAR(I34)) -> 2025 | V34: =IF(P34="N/A","No OOS",IF(ISNUMBER(FIND("OOS Closed",Q34)),"Closed","Open")) -> No OOS | W34: =IF(I34="", "", "Week " & INT((DAY(I34)-1)/7)+1 & " of " & TEXT(I34, "mmmm")) -> Week 2 of December
A35: HealthSync Ltd | B35: 856 | C35: Probiotic Complex | D35: M9 | E35: 25°C/60%RH | F35: 46036 | G35: 46032 | H35: 46046 | I35: 46039 | J35: 46069 | K35: =IF(I35="","",I35-G35) -> 7 | L35: Active | M35: In Progress | P35: N/A | S35: =TRIM(CLEAN(B35))&"|"&TRIM(CLEAN(D35)) -> 856|M9 | T35: =IF(N35="","Pending",N35) -> Pending | U35: =IF(I35="","",YEAR(I35)) -> 2026 | V35: =IF(P35="N/A","No OOS",IF(ISNUMBER(FIND("OOS Closed",Q35)),"Closed","Open")) -> No OOS | W35: =IF(I35="", "", "Week " & INT((DAY(I35)-1)/7)+1 & " of " & TEXT(I35, "mmmm")) -> Week 3 of January
A36: HealthSync Ltd | B36: 856 | C36: Probiotic Complex | D36: M36 | E36: 40°C/75%RH | F36: 46010 | G36: 46008 | H36: 46022 | I36: 46015 | J36: 46045 | K36: =IF(I36="","",I36-G36) -> 7 | L36: Active | M36: In Progress | P36: N/A | S36: =TRIM(CLEAN(B36))&"|"&TRIM(CLEAN(D36)) -> 856|M36 | T36: =IF(N36="","Pending",N36) -> Pending | U36: =IF(I36="","",YEAR(I36)) -> 2025 | V36: =IF(P36="N/A","No OOS",IF(ISNUMBER(FIND("OOS Closed",Q36)),"Closed","Open")) -> No OOS | W36: =IF(I36="", "", "Week " & INT((DAY(I36)-1)/7)+1 & " of " & TEXT(I36, "mmmm")) -> Week 4 of December
A37: HealthSync Ltd | B37: 856 | C37: Probiotic Complex | D37: M1 | E37: 25°C/60%RH | F37: 46081 | G37: 46084 | H37: 46098 | I37: 46091 | J37: 46121 | K37: =IF(I37="","",I37-G37) -> 7 | L37: Active | M37: In Progress | P37: 26-04-012 | S37: =TRIM(CLEAN(B37))&"|"&TRIM(CLEAN(D37)) -> 856|M1 | T37: =IF(N37="","Pending",N37) -> Pending | U37: =IF(I37="","",YEAR(I37)) -> 2026 | V37: =IF(P37="N/A","No OOS",IF(ISNUMBER(FIND("OOS Closed",Q37)),"Closed","Open")) -> Open | W37: =IF(I37="", "", "Week " & INT((DAY(I37)-1)/7)+1 & " of " & TEXT(I37, "mmmm")) -> Week 2 of March
A38: HealthSync Ltd | B38: 875 | C38: Turmeric Extract Capsules | D38: M3 | E38: 30°C/65%RH | F38: 45801 | G38: 45808 | H38: 45822 | I38: 45815 | J38: 45845 | K38: =IF(I38="","",I38-G38) -> 7 | L38: Active | M38: In Progress | P38: N/A | S38: =TRIM(CLEAN(B38))&"|"&TRIM(CLEAN(D38)) -> 875|M3 | T38: =IF(N38="","Pending",N38) -> Pending | U38: =IF(I38="","",YEAR(I38)) -> 2025 | V38: =IF(P38="N/A","No OOS",IF(ISNUMBER(FIND("OOS Closed",Q38)),"Closed","Open")) -> No OOS | W38: =IF(I38="", "", "Week " & INT((DAY(I38)-1)/7)+1 & " of " & TEXT(I38, "mmmm")) -> Week 1 of June
A39: HealthSync Ltd | B39: 875 | C39: Turmeric Extract Capsules | D39: M12 | E39: 40°C/75%RH | F39: 46166 | G39: 46167 | H39: 46181 | I39: 46174 | J39: 46204 | K39: =IF(I39="","",I39-G39) -> 7 | L39: Active | M39: In Progress | O39: QIDR-206 | P39: N/A | S39: =TRIM(CLEAN(B39))&"|"&TRIM(CLEAN(D39)) -> 875|M12 | T39: =IF(N39="","Pending",N39) -> Pending | U39: =IF(I39="","",YEAR(I39)) -> 2026 | V39: =IF(P39="N/A","No OOS",IF(ISNUMBER(FIND("OOS Closed",Q39)),"Closed","Open")) -> No OOS | W39: =IF(I39="", "", "Week " & INT((DAY(I39)-1)/7)+1 & " of " & TEXT(I39, "mmmm")) -> Week 1 of June
A40: HealthSync Ltd | B40: 875 | C40: Turmeric Extract Capsules | D40: M36 | E40: 30°C/65%RH | F40: 45812 | G40: 45809 | H40: 45823 | I40: 45816 | J40: 45846 | K40: =IF(I40="","",I40-G40) -> 7 | L40: Active | M40: In Progress | N40: Completed | P40: N/A | R40: Yes | S40: =TRIM(CLEAN(B40))&"|"&TRIM(CLEAN(D40)) -> 875|M36 | T40: =IF(N40="","Pending",N40) -> Completed | U40: =IF(I40="","",YEAR(I40)) -> 2025 | V40: =IF(P40="N/A","No OOS",IF(ISNUMBER(FIND("OOS Closed",Q40)),"Closed","Open")) -> No OOS | W40: =IF(I40="", "", "Week " & INT((DAY(I40)-1)/7)+1 & " of " & TEXT(I40, "mmmm")) -> Week 2 of June
A41: HealthSync Ltd | B41: 882 | C41: Turmeric Extract Capsules | D41: M9 | E41: 25°C/60%RH | F41: 46181 | G41: 46174 | H41: 46188 | I41: 46181 | J41: 46211 | K41: =IF(I41="","",I41-G41) -> 7 | L41: Active | M41: In Progress | N41: Completed | P41: 26-03-007 | Q41: OOS Closed | R41: Yes | S41: =TRIM(CLEAN(B41))&"|"&TRIM(CLEAN(D41)) -> 882|M9 | T41: =IF(N41="","Pending",N41) -> Completed | U41: =IF(I41="","",YEAR(I41)) -> 2026 | V41: =IF(P41="N/A","No OOS",IF(ISNUMBER(FIND("OOS Closed",Q41)),"Closed","Open")) -> Closed | W41: =IF(I41="", "", "Week " & INT((DAY(I41)-1)/7)+1 & " of " & TEXT(I41, "mmmm")) -> Week 2 of June
A42: HealthSync Ltd | B42: 882 | C42: Turmeric Extract Capsules | D42: M18 | E42: 5°C±3°C | F42: 46070 | G42: 46067 | H42: 46081 | I42: 46074 | J42: 46104 | K42: =IF(I42="","",I42-G42) -> 7 | L42: Active | M42: In Progress | N42: Not Completed | P42: 26-04-012 | Q42: OOS Closed | S42: =TRIM(CLEAN(B42))&"|"&TRIM(CLEAN(D42)) -> 882|M18 | T42: =IF(N42="","Pending",N42) -> Not Completed | U42: =IF(I42="","",YEAR(I42)) -> 2026 | V42: =IF(P42="N/A","No OOS",IF(ISNUMBER(FIND("OOS Closed",Q42)),"Closed","Open")) -> Closed | W42: =IF(I42="", "", "Week " & INT((DAY(I42)-1)/7)+1 & " of " & TEXT(I42, "mmmm")) -> Week 3 of February
A43: HealthSync Ltd | B43: 882 | C43: Turmeric Extract Capsules | D43: M24 | E43: 40°C/75%RH | K43: =IF(I43="","",I43-G43) | P43: N/A | S43: =TRIM(CLEAN(B43))&"|"&TRIM(CLEAN(D43)) -> 882|M24 | T43: =IF(N43="","Pending",N43) -> Pending | U43: =IF(I43="","",YEAR(I43)) | V43: =IF(P43="N/A","No OOS",IF(ISNUMBER(FIND("OOS Closed",Q43)),"Closed","Open")) -> No OOS | W43: =IF(I43="", "", "Week " & INT((DAY(I43)-1)/7)+1 & " of " & TEXT(I43, "mmmm"))
A44: HealthSync Ltd | B44: 882 | C44: Turmeric Extract Capsules | D44: M6 | E44: 40°C/75%RH | K44: =IF(I44="","",I44-G44) | P44: N/A | S44: =TRIM(CLEAN(B44))&"|"&TRIM(CLEAN(D44)) -> 882|M6 | T44: =IF(N44="","Pending",N44) -> Pending | U44: =IF(I44="","",YEAR(I44)) | V44: =IF(P44="N/A","No OOS",IF(ISNUMBER(FIND("OOS Closed",Q44)),"Closed","Open")) -> No OOS | W44: =IF(I44="", "", "Week " & INT((DAY(I44)-1)/7)+1 & " of " & TEXT(I44, "mmmm"))
A45: HealthSync Ltd | B45: 882 | C45: Turmeric Extract Capsules | D45: M36 | E45: 30°C/65%RH | F45: 46188 | G45: 46181 | H45: 46195 | I45: 46188 | J45: 46218 | K45: =IF(I45="","",I45-G45) -> 7 | L45: Active | M45: In Progress | P45: N/A | S45: =TRIM(CLEAN(B45))&"|"&TRIM(CLEAN(D45)) -> 882|M36 | T45: =IF(N45="","Pending",N45) -> Pending | U45: =IF(I45="","",YEAR(I45)) -> 2026 | V45: =IF(P45="N/A","No OOS",IF(ISNUMBER(FIND("OOS Closed",Q45)),"Closed","Open")) -> No OOS | W45: =IF(I45="", "", "Week " & INT((DAY(I45)-1)/7)+1 & " of " & TEXT(I45, "mmmm")) -> Week 3 of June
A46: PurePath Wellness | B46: 896 | C46: CoQ10 100mg Softgels | D46: M9 | E46: 30°C/65%RH | F46: 45758 | G46: 45753 | H46: 45767 | I46: 45760 | J46: 45790 | K46: =IF(I46="","",I46-G46) -> 7 | L46: Active | M46: In Progress | P46: 26-03-007 | Q46: OOS Closed | S46: =TRIM(CLEAN(B46))&"|"&TRIM(CLEAN(D46)) -> 896|M9 | T46: =IF(N46="","Pending",N46) -> Pending | U46: =IF(I46="","",YEAR(I46)) -> 2025 | V46: =IF(P46="N/A","No OOS",IF(ISNUMBER(FIND("OOS Closed",Q46)),"Closed","Open")) -> Closed | W46: =IF(I46="", "", "Week " & INT((DAY(I46)-1)/7)+1 & " of " & TEXT(I46, "mmmm")) -> Week 2 of April
A47: PurePath Wellness | B47: 896 | C47: CoQ10 100mg Softgels | D47: M24 | E47: 5°C±3°C | F47: 45797 | G47: 45796 | H47: 45810 | I47: 45803 | J47: 45833 | K47: =IF(I47="","",I47-G47) -> 7 | L47: Active | M47: In Progress | N47: Completed | P47: 26-04-012 | R47: Yes | S47: =TRIM(CLEAN(B47))&"|"&TRIM(CLEAN(D47)) -> 896|M24 | T47: =IF(N47="","Pending",N47) -> Completed | U47: =IF(I47="","",YEAR(I47)) -> 2025 | V47: =IF(P47="N/A","No OOS",IF(ISNUMBER(FIND("OOS Closed",Q47)),"Closed","Open")) -> Open | W47: =IF(I47="", "", "Week " & INT((DAY(I47)-1)/7)+1 & " of " & TEXT(I47, "mmmm")) -> Week 4 of May
A48: PurePath Wellness | B48: 896 | C48: CoQ10 100mg Softgels | D48: M3 | E48: 30°C/65%RH | F48: 46191 | G48: 46187 | H48: 46201 | I48: 46194 | J48: 46224 | K48: =IF(I48="","",I48-G48) -> 7 | L48: Active | M48: In Progress | N48: Not Completed | P48: N/A | S48: =TRIM(CLEAN(B48))&"|"&TRIM(CLEAN(D48)) -> 896|M3 | T48: =IF(N48="","Pending",N48) -> Not Completed | U48: =IF(I48="","",YEAR(I48)) -> 2026 | V48: =IF(P48="N/A","No OOS",IF(ISNUMBER(FIND("OOS Closed",Q48)),"Closed","Open")) -> No OOS | W48: =IF(I48="", "", "Week " & INT((DAY(I48)-1)/7)+1 & " of " & TEXT(I48, "mmmm")) -> Week 3 of June
A49: PurePath Wellness | B49: 896 | C49: CoQ10 100mg Softgels | D49: M18 | E49: 5°C±3°C | F49: 45771 | G49: 45776 | H49: 45790 | I49: 45783 | J49: 45813 | K49: =IF(I49="","",I49-G49) -> 7 | L49: Active | M49: In Progress | P49: 26-02-003 | Q49: OOS Closed | S49: =TRIM(CLEAN(B49))&"|"&TRIM(CLEAN(D49)) -> 896|M18 | T49: =IF(N49="","Pending",N49) -> Pending | U49: =IF(I49="","",YEAR(I49)) -> 2025 | V49: =IF(P49="N/A","No OOS",IF(ISNUMBER(FIND("OOS Closed",Q49)),"Closed","Open")) -> Closed | W49: =IF(I49="", "", "Week " & INT((DAY(I49)-1)/7)+1 & " of " & TEXT(I49, "mmmm")) -> Week 1 of May
A50: PurePath Wellness | B50: 907 | C50: CoQ10 100mg Softgels | D50: M3 | E50: 40°C/75%RH | F50: 45883 | G50: 45876 | H50: 45890 | I50: 45883 | J50: 45913 | K50: =IF(I50="","",I50-G50) -> 7 | L50: Active | M50: In Progress | N50: Completed | P50: 26-03-007 | R50: Yes | S50: =TRIM(CLEAN(B50))&"|"&TRIM(CLEAN(D50)) -> 907|M3 | T50: =IF(N50="","Pending",N50) -> Completed | U50: =IF(I50="","",YEAR(I50)) -> 2025 | V50: =IF(P50="N/A","No OOS",IF(ISNUMBER(FIND("OOS Closed",Q50)),"Closed","Open")) -> Open | W50: =IF(I50="", "", "Week " & INT((DAY(I50)-1)/7)+1 & " of " & TEXT(I50, "mmmm")) -> Week 2 of August
A51: PurePath Wellness | B51: 907 | C51: CoQ10 100mg Softgels | D51: M6 | E51: 40°C/75%RH | F51: 45801 | G51: 45800 | H51: 45814 | I51: 45807 | J51: 45837 | K51: =IF(I51="","",I51-G51) -> 7 | L51: Active | M51: In Progress | P51: N/A | S51: =TRIM(CLEAN(B51))&"|"&TRIM(CLEAN(D51)) -> 907|M6 | T51: =IF(N51="","Pending",N51) -> Pending | U51: =IF(I51="","",YEAR(I51)) -> 2025 | V51: =IF(P51="N/A","No OOS",IF(ISNUMBER(FIND("OOS Closed",Q51)),"Closed","Open")) -> No OOS | W51: =IF(I51="", "", "Week " & INT((DAY(I51)-1)/7)+1 & " of " & TEXT(I51, "mmmm")) -> Week 5 of May
A52: PurePath Wellness | B52: 907 | C52: CoQ10 100mg Softgels | D52: M36 | E52: 40°C/75%RH | F52: 46000 | G52: 46007 | H52: 46021 | I52: 46014 | J52: 46044 | K52: =IF(I52="","",I52-G52) -> 7 | L52: Active | M52: In Progress | P52: N/A | S52: =TRIM(CLEAN(B52))&"|"&TRIM(CLEAN(D52)) -> 907|M36 | T52: =IF(N52="","Pending",N52) -> Pending | U52: =IF(I52="","",YEAR(I52)) -> 2025 | V52: =IF(P52="N/A","No OOS",IF(ISNUMBER(FIND("OOS Closed",Q52)),"Closed","Open")) -> No OOS | W52: =IF(I52="", "", "Week " & INT((DAY(I52)-1)/7)+1 & " of " & TEXT(I52, "mmmm")) -> Week 4 of December
A53: PurePath Wellness | B53: 927 | C53: Iron Supplement Drops | D53: M3 | E53: 30°C/65%RH | F53: 45909 | G53: 45908 | H53: 45922 | I53: 45915 | J53: 45945 | K53: =IF(I53="","",I53-G53) -> 7 | L53: Active | M53: In Progress | P53: N/A | S53: =TRIM(CLEAN(B53))&"|"&TRIM(CLEAN(D53)) -> 927|M3 | T53: =IF(N53="","Pending",N53) -> Pending | U53: =IF(I53="","",YEAR(I53)) -> 2025 | V53: =IF(P53="N/A","No OOS",IF(ISNUMBER(FIND("OOS Closed",Q53)),"Closed","Open")) -> No OOS | W53: =IF(I53="", "", "Week " & INT((DAY(I53)-1)/7)+1 & " of " & TEXT(I53, "mmmm")) -> Week 3 of September
A54: PurePath Wellness | B54: 927 | C54: Iron Supplement Drops | D54: M18 | E54: 25°C/60%RH | F54: 46083 | G54: 46087 | H54: 46101 | I54: 46094 | J54: 46124 | K54: =IF(I54="","",I54-G54) -> 7 | L54: Active | M54: In Progress | N54: Not Completed | P54: 26-01-001 | S54: =TRIM(CLEAN(B54))&"|"&TRIM(CLEAN(D54)) -> 927|M18 | T54: =IF(N54="","Pending",N54) -> Not Completed | U54: =IF(I54="","",YEAR(I54)) -> 2026 | V54: =IF(P54="N/A","No OOS",IF(ISNUMBER(FIND("OOS Closed",Q54)),"Closed","Open")) -> Open | W54: =IF(I54="", "", "Week " & INT((DAY(I54)-1)/7)+1 & " of " & TEXT(I54, "mmmm")) -> Week 2 of March
A55: PurePath Wellness | B55: 927 | C55: Iron Supplement Drops | D55: M6 | E55: 5°C±3°C | F55: 46141 | G55: 46143 | H55: 46157 | I55: 46150 | J55: 46180 | K55: =IF(I55="","",I55-G55) -> 7 | L55: Active | M55: In Progress | P55: 26-02-003 | S55: =TRIM(CLEAN(B55))&"|"&TRIM(CLEAN(D55)) -> 927|M6 | T55: =IF(N55="","Pending",N55) -> Pending | U55: =IF(I55="","",YEAR(I55)) -> 2026 | V55: =IF(P55="N/A","No OOS",IF(ISNUMBER(FIND("OOS Closed",Q55)),"Closed","Open")) -> Open | W55: =IF(I55="", "", "Week " & INT((DAY(I55)-1)/7)+1 & " of " & TEXT(I55, "mmmm")) -> Week 2 of May
A56: PurePath Wellness | B56: 927 | C56: Iron Supplement Drops | D56: M12 | E56: 40°C/75%RH | F56: 46140 | G56: 46147 | H56: 46161 | I56: 46154 | J56: 46184 | K56: =IF(I56="","",I56-G56) -> 7 | L56: Active | M56: In Progress | N56: Not Completed | P56: N/A | S56: =TRIM(CLEAN(B56))&"|"&TRIM(CLEAN(D56)) -> 927|M12 | T56: =IF(N56="","Pending",N56) -> Not Completed | U56: =IF(I56="","",YEAR(I56)) -> 2026 | V56: =IF(P56="N/A","No OOS",IF(ISNUMBER(FIND("OOS Closed",Q56)),"Closed","Open")) -> No OOS | W56: =IF(I56="", "", "Week " & INT((DAY(I56)-1)/7)+1 & " of " & TEXT(I56, "mmmm")) -> Week 2 of May
A57: PurePath Wellness | B57: 927 | C57: Iron Supplement Drops | D57: M24 | E57: 30°C/65%RH | F57: 45918 | G57: 45912 | H57: 45926 | I57: 45919 | J57: 45949 | K57: =IF(I57="","",I57-G57) -> 7 | L57: Active | M57: In Progress | N57: Not Completed | P57: 26-01-001 | S57: =TRIM(CLEAN(B57))&"|"&TRIM(CLEAN(D57)) -> 927|M24 | T57: =IF(N57="","Pending",N57) -> Not Completed | U57: =IF(I57="","",YEAR(I57)) -> 2025 | V57: =IF(P57="N/A","No OOS",IF(ISNUMBER(FIND("OOS Closed",Q57)),"Closed","Open")) -> Open | W57: =IF(I57="", "", "Week " & INT((DAY(I57)-1)/7)+1 & " of " & TEXT(I57, "mmmm")) -> Week 3 of September
A58: VitaShield Inc | B58: 943 | C58: Magnesium Citrate Powder | D58: M36 | E58: 30°C/65%RH | F58: 46104 | G58: 46108 | H58: 46122 | I58: 46115 | J58: 46145 | K58: =IF(I58="","",I58-G58) -> 7 | L58: Active | M58: In Progress | P58: 26-04-012 | S58: =TRIM(CLEAN(B58))&"|"&TRIM(CLEAN(D58)) -> 943|M36 | T58: =IF(N58="","Pending",N58) -> Pending | U58: =IF(I58="","",YEAR(I58)) -> 2026 | V58: =IF(P58="N/A","No OOS",IF(ISNUMBER(FIND("OOS Closed",Q58)),"Closed","Open")) -> Open | W58: =IF(I58="", "", "Week " & INT((DAY(I58)-1)/7)+1 & " of " & TEXT(I58, "mmmm")) -> Week 1 of April
A59: VitaShield Inc | B59: 943 | C59: Magnesium Citrate Powder | D59: M9 | E59: 5°C±3°C | K59: =IF(I59="","",I59-G59) | P59: 26-03-007 | R59: Yes | S59: =TRIM(CLEAN(B59))&"|"&TRIM(CLEAN(D59)) -> 943|M9 | T59: =IF(N59="","Pending",N59) -> Pending | U59: =IF(I59="","",YEAR(I59)) | V59: =IF(P59="N/A","No OOS",IF(ISNUMBER(FIND("OOS Closed",Q59)),"Closed","Open")) -> Open | W59: =IF(I59="", "", "Week " & INT((DAY(I59)-1)/7)+1 & " of " & TEXT(I59, "mmmm"))
A60: VitaShield Inc | B60: 943 | C60: Magnesium Citrate Powder | D60: M18 | E60: 5°C±3°C | F60: 46181 | G60: 46175 | H60: 46189 | I60: 46182 | J60: 46212 | K60: =IF(I60="","",I60-G60) -> 7 | L60: Active | M60: In Progress | P60: N/A | S60: =TRIM(CLEAN(B60))&"|"&TRIM(CLEAN(D60)) -> 943|M18 | T60: =IF(N60="","Pending",N60) -> Pending | U60: =IF(I60="","",YEAR(I60)) -> 2026 | V60: =IF(P60="N/A","No OOS",IF(ISNUMBER(FIND("OOS Closed",Q60)),"Closed","Open")) -> No OOS | W60: =IF(I60="", "", "Week " & INT((DAY(I60)-1)/7)+1 & " of " & TEXT(I60, "mmmm")) -> Week 2 of June
A61: VitaShield Inc | B61: 963 | C61: CoQ10 100mg Softgels | D61: M36 | E61: 30°C/65%RH | F61: 46021 | G61: 46021 | H61: 46035 | I61: 46028 | J61: 46058 | K61: =IF(I61="","",I61-G61) -> 7 | L61: Active | M61: In Progress | N61: Not Completed | P61: 26-04-012 | S61: =TRIM(CLEAN(B61))&"|"&TRIM(CLEAN(D61)) -> 963|M36 | T61: =IF(N61="","Pending",N61) -> Not Completed | U61: =IF(I61="","",YEAR(I61)) -> 2026 | V61: =IF(P61="N/A","No OOS",IF(ISNUMBER(FIND("OOS Closed",Q61)),"Closed","Open")) -> Open | W61: =IF(I61="", "", "Week " & INT((DAY(I61)-1)/7)+1 & " of " & TEXT(I61, "mmmm")) -> Week 1 of January
A62: VitaShield Inc | B62: 963 | C62: CoQ10 100mg Softgels | D62: M12 | E62: 40°C/75%RH | F62: 46138 | G62: 46139 | H62: 46153 | I62: 46146 | J62: 46176 | K62: =IF(I62="","",I62-G62) -> 7 | L62: Active | M62: In Progress | P62: N/A | S62: =TRIM(CLEAN(B62))&"|"&TRIM(CLEAN(D62)) -> 963|M12 | T62: =IF(N62="","Pending",N62) -> Pending | U62: =IF(I62="","",YEAR(I62)) -> 2026 | V62: =IF(P62="N/A","No OOS",IF(ISNUMBER(FIND("OOS Closed",Q62)),"Closed","Open")) -> No OOS | W62: =IF(I62="", "", "Week " & INT((DAY(I62)-1)/7)+1 & " of " & TEXT(I62, "mmmm")) -> Week 1 of May
A63: VitaShield Inc | B63: 963 | C63: CoQ10 100mg Softgels | D63: M18 | E63: 25°C/60%RH | F63: 45864 | G63: 45861 | H63: 45875 | I63: 45868 | J63: 45898 | K63: =IF(I63="","",I63-G63) -> 7 | L63: Active | M63: In Progress | P63: 26-02-003 | Q63: OOS Closed | S63: =TRIM(CLEAN(B63))&"|"&TRIM(CLEAN(D63)) -> 963|M18 | T63: =IF(N63="","Pending",N63) -> Pending | U63: =IF(I63="","",YEAR(I63)) -> 2025 | V63: =IF(P63="N/A","No OOS",IF(ISNUMBER(FIND("OOS Closed",Q63)),"Closed","Open")) -> Closed | W63: =IF(I63="", "", "Week " & INT((DAY(I63)-1)/7)+1 & " of " & TEXT(I63, "mmmm")) -> Week 5 of July
A64: VitaShield Inc | B64: 963 | C64: CoQ10 100mg Softgels | D64: M24 | E64: 5°C±3°C | F64: 46101 | G64: 46096 | H64: 46110 | I64: 46103 | J64: 46133 | K64: =IF(I64="","",I64-G64) -> 7 | L64: Active | M64: In Progress | N64: Not Completed | P64: N/A | S64: =TRIM(CLEAN(B64))&"|"&TRIM(CLEAN(D64)) -> 963|M24 | T64: =IF(N64="","Pending",N64) -> Not Completed | U64: =IF(I64="","",YEAR(I64)) -> 2026 | V64: =IF(P64="N/A","No OOS",IF(ISNUMBER(FIND("OOS Closed",Q64)),"Closed","Open")) -> No OOS | W64: =IF(I64="", "", "Week " & INT((DAY(I64)-1)/7)+1 & " of " & TEXT(I64, "mmmm")) -> Week 4 of March
A65: VitaShield Inc | B65: 963 | C65: CoQ10 100mg Softgels | D65: M9 | E65: 25°C/60%RH | F65: 45960 | G65: 45953 | H65: 45967 | I65: 45960 | J65: 45990 | K65: =IF(I65="","",I65-G65) -> 7 | L65: Active | M65: In Progress | N65: Not Completed | O65: QIDR-883 | P65: 26-03-007 | S65: =TRIM(CLEAN(B65))&"|"&TRIM(CLEAN(D65)) -> 963|M9 | T65: =IF(N65="","Pending",N65) -> Not Completed | U65: =IF(I65="","",YEAR(I65)) -> 2025 | V65: =IF(P65="N/A","No OOS",IF(ISNUMBER(FIND("OOS Closed",Q65)),"Closed","Open")) -> Open | W65: =IF(I65="", "", "Week " & INT((DAY(I65)-1)/7)+1 & " of " & TEXT(I65, "mmmm")) -> Week 5 of October
A66: ClearDose Corp | B66: 979 | C66: Melatonin 3mg Tablets | D66: M18 | E66: 5°C±3°C | F66: 46169 | G66: 46168 | H66: 46182 | I66: 46175 | J66: 46205 | K66: =IF(I66="","",I66-G66) -> 7 | L66: Active | M66: In Progress | P66: N/A | S66: =TRIM(CLEAN(B66))&"|"&TRIM(CLEAN(D66)) -> 979|M18 | T66: =IF(N66="","Pending",N66) -> Pending | U66: =IF(I66="","",YEAR(I66)) -> 2026 | V66: =IF(P66="N/A","No OOS",IF(ISNUMBER(FIND("OOS Closed",Q66)),"Closed","Open")) -> No OOS | W66: =IF(I66="", "", "Week " & INT((DAY(I66)-1)/7)+1 & " of " & TEXT(I66, "mmmm")) -> Week 1 of June
A67: ClearDose Corp | B67: 979 | C67: Melatonin 3mg Tablets | D67: M6 | E67: 5°C±3°C | F67: 45756 | G67: 45755 | H67: 45769 | I67: 45762 | J67: 45792 | K67: =IF(I67="","",I67-G67) -> 7 | L67: Active | M67: In Progress | O67: QIDR-737 | P67: 26-03-007 | Q67: OOS Closed | S67: =TRIM(CLEAN(B67))&"|"&TRIM(CLEAN(D67)) -> 979|M6 | T67: =IF(N67="","Pending",N67) -> Pending | U67: =IF(I67="","",YEAR(I67)) -> 2025 | V67: =IF(P67="N/A","No OOS",IF(ISNUMBER(FIND("OOS Closed",Q67)),"Closed","Open")) -> Closed | W67: =IF(I67="", "", "Week " & INT((DAY(I67)-1)/7)+1 & " of " & TEXT(I67, "mmmm")) -> Week 3 of April
A68: ClearDose Corp | B68: 979 | C68: Melatonin 3mg Tablets | D68: M9 | E68: 25°C/60%RH | F68: 45940 | G68: 45942 | H68: 45956 | I68: 45949 | J68: 45979 | K68: =IF(I68="","",I68-G68) -> 7 | L68: Active | M68: In Progress | P68: N/A | S68: =TRIM(CLEAN(B68))&"|"&TRIM(CLEAN(D68)) -> 979|M9 | T68: =IF(N68="","Pending",N68) -> Pending | U68: =IF(I68="","",YEAR(I68)) -> 2025 | V68: =IF(P68="N/A","No OOS",IF(ISNUMBER(FIND("OOS Closed",Q68)),"Closed","Open")) -> No OOS | W68: =IF(I68="", "", "Week " & INT((DAY(I68)-1)/7)+1 & " of " & TEXT(I68, "mmmm")) -> Week 3 of October
A69: ClearDose Corp | B69: 994 | C69: Probiotic Complex | D69: M1 | E69: 5°C±3°C | F69: 45910 | G69: 45908 | H69: 45922 | I69: 45915 | J69: 45945 | K69: =IF(I69="","",I69-G69) -> 7 | L69: Active | M69: In Progress | P69: 26-01-001 | Q69: OOS Closed | S69: =TRIM(CLEAN(B69))&"|"&TRIM(CLEAN(D69)) -> 994|M1 | T69: =IF(N69="","Pending",N69) -> Pending | U69: =IF(I69="","",YEAR(I69)) -> 2025 | V69: =IF(P69="N/A","No OOS",IF(ISNUMBER(FIND("OOS Closed",Q69)),"Closed","Open")) -> Closed | W69: =IF(I69="", "", "Week " & INT((DAY(I69)-1)/7)+1 & " of " & TEXT(I69, "mmmm")) -> Week 3 of September
A70: ClearDose Corp | B70: 994 | C70: Probiotic Complex | D70: M6 | E70: 40°C/75%RH | K70: =IF(I70="","",I70-G70) | P70: N/A | R70: Yes | S70: =TRIM(CLEAN(B70))&"|"&TRIM(CLEAN(D70)) -> 994|M6 | T70: =IF(N70="","Pending",N70) -> Pending | U70: =IF(I70="","",YEAR(I70)) | V70: =IF(P70="N/A","No OOS",IF(ISNUMBER(FIND("OOS Closed",Q70)),"Closed","Open")) -> No OOS | W70: =IF(I70="", "", "Week " & INT((DAY(I70)-1)/7)+1 & " of " & TEXT(I70, "mmmm"))
A71: ClearDose Corp | B71: 994 | C71: Probiotic Complex | D71: M9 | E71: 30°C/65%RH | K71: =IF(I71="","",I71-G71) | P71: N/A | R71: Yes | S71: =TRIM(CLEAN(B71))&"|"&TRIM(CLEAN(D71)) -> 994|M9 | T71: =IF(N71="","Pending",N71) -> Pending | U71: =IF(I71="","",YEAR(I71)) | V71: =IF(P71="N/A","No OOS",IF(ISNUMBER(FIND("OOS Closed",Q71)),"Closed","Open")) -> No OOS | W71: =IF(I71="", "", "Week " & INT((DAY(I71)-1)/7)+1 & " of " & TEXT(I71, "mmmm"))
A72: ClearDose Corp | B72: 994 | C72: Probiotic Complex | D72: M24 | E72: 30°C/65%RH | K72: =IF(I72="","",I72-G72) | P72: N/A | S72: =TRIM(CLEAN(B72))&"|"&TRIM(CLEAN(D72)) -> 994|M24 | T72: =IF(N72="","Pending",N72) -> Pending | U72: =IF(I72="","",YEAR(I72)) | V72: =IF(P72="N/A","No OOS",IF(ISNUMBER(FIND("OOS Closed",Q72)),"Closed","Open")) -> No OOS | W72: =IF(I72="", "", "Week " & INT((DAY(I72)-1)/7)+1 & " of " & TEXT(I72, "mmmm"))
A73: ClearDose Corp | B73: 1013 | C73: Omega-3 Fish Oil Capsules | D73: M36 | E73: 40°C/75%RH | F73: 46047 | G73: 46051 | H73: 46065 | I73: 46058 | J73: 46088 | K73: =IF(I73="","",I73-G73) -> 7 | L73: Active | M73: In Progress | N73: Completed | P73: N/A | R73: Yes | S73: =TRIM(CLEAN(B73))&"|"&TRIM(CLEAN(D73)) -> 1013|M36 | T73: =IF(N73="","Pending",N73) -> Completed | U73: =IF(I73="","",YEAR(I73)) -> 2026 | V73: =IF(P73="N/A","No OOS",IF(ISNUMBER(FIND("OOS Closed",Q73)),"Closed","Open")) -> No OOS | W73: =IF(I73="", "", "Week " & INT((DAY(I73)-1)/7)+1 & " of " & TEXT(I73, "mmmm")) -> Week 1 of February
A74: ClearDose Corp | B74: 1013 | C74: Omega-3 Fish Oil Capsules | D74: M18 | E74: 30°C/65%RH | K74: =IF(I74="","",I74-G74) | P74: 26-03-007 | S74: =TRIM(CLEAN(B74))&"|"&TRIM(CLEAN(D74)) -> 1013|M18 | T74: =IF(N74="","Pending",N74) -> Pending | U74: =IF(I74="","",YEAR(I74)) | V74: =IF(P74="N/A","No OOS",IF(ISNUMBER(FIND("OOS Closed",Q74)),"Closed","Open")) -> Open | W74: =IF(I74="", "", "Week " & INT((DAY(I74)-1)/7)+1 & " of " & TEXT(I74, "mmmm"))
A75: ClearDose Corp | B75: 1013 | C75: Omega-3 Fish Oil Capsules | D75: M6 | E75: 25°C/60%RH | F75: 46066 | G75: 46062 | H75: 46076 | I75: 46069 | J75: 46099 | K75: =IF(I75="","",I75-G75) -> 7 | L75: Active | M75: In Progress | N75: Completed | P75: 26-01-001 | Q75: OOS Closed | R75: Yes | S75: =TRIM(CLEAN(B75))&"|"&TRIM(CLEAN(D75)) -> 1013|M6 | T75: =IF(N75="","Pending",N75) -> Completed | U75: =IF(I75="","",YEAR(I75)) -> 2026 | V75: =IF(P75="N/A","No OOS",IF(ISNUMBER(FIND("OOS Closed",Q75)),"Closed","Open")) -> Closed | W75: =IF(I75="", "", "Week " & INT((DAY(I75)-1)/7)+1 & " of " & TEXT(I75, "mmmm")) -> Week 3 of February
A76: ClearDose Corp | B76: 1013 | C76: Omega-3 Fish Oil Capsules | D76: M24 | E76: 25°C/60%RH | F76: 45764 | G76: 45762 | H76: 45776 | I76: 45769 | J76: 45799 | K76: =IF(I76="","",I76-G76) -> 7 | L76: Active | M76: In Progress | P76: 26-03-007 | Q76: OOS Closed | S76: =TRIM(CLEAN(B76))&"|"&TRIM(CLEAN(D76)) -> 1013|M24 | T76: =IF(N76="","Pending",N76) -> Pending | U76: =IF(I76="","",YEAR(I76)) -> 2025 | V76: =IF(P76="N/A","No OOS",IF(ISNUMBER(FIND("OOS Closed",Q76)),"Closed","Open")) -> Closed | W76: =IF(I76="", "", "Week " & INT((DAY(I76)-1)/7)+1 & " of " & TEXT(I76, "mmmm")) -> Week 4 of April
A77: ClearDose Corp | B77: 1014 | C77: Iron Supplement Drops | D77: M36 | E77: 5°C±3°C | F77: 45827 | G77: 45831 | H77: 45845 | I77: 45838 | J77: 45868 | K77: =IF(I77="","",I77-G77) -> 7 | L77: Active | M77: In Progress | P77: 26-01-001 | Q77: OOS Closed | S77: =TRIM(CLEAN(B77))&"|"&TRIM(CLEAN(D77)) -> 1014|M36 | T77: =IF(N77="","Pending",N77) -> Pending | U77: =IF(I77="","",YEAR(I77)) -> 2025 | V77: =IF(P77="N/A","No OOS",IF(ISNUMBER(FIND("OOS Closed",Q77)),"Closed","Open")) -> Closed | W77: =IF(I77="", "", "Week " & INT((DAY(I77)-1)/7)+1 & " of " & TEXT(I77, "mmmm")) -> Week 5 of June
A78: ClearDose Corp | B78: 1014 | C78: Iron Supplement Drops | D78: M1 | E78: 25°C/60%RH | F78: 46047 | G78: 46044 | H78: 46058 | I78: 46051 | J78: 46081 | K78: =IF(I78="","",I78-G78) -> 7 | L78: Active | M78: In Progress | P78: N/A | S78: =TRIM(CLEAN(B78))&"|"&TRIM(CLEAN(D78)) -> 1014|M1 | T78: =IF(N78="","Pending",N78) -> Pending | U78: =IF(I78="","",YEAR(I78)) -> 2026 | V78: =IF(P78="N/A","No OOS",IF(ISNUMBER(FIND("OOS Closed",Q78)),"Closed","Open")) -> No OOS | W78: =IF(I78="", "", "Week " & INT((DAY(I78)-1)/7)+1 & " of " & TEXT(I78, "mmmm")) -> Week 5 of January
A79: ClearDose Corp | B79: 1014 | C79: Iron Supplement Drops | D79: M9 | E79: 5°C±3°C | F79: 46125 | G79: 46125 | H79: 46139 | I79: 46132 | J79: 46162 | K79: =IF(I79="","",I79-G79) -> 7 | L79: Active | M79: In Progress | O79: QIDR-286 | P79: 26-03-007 | S79: =TRIM(CLEAN(B79))&"|"&TRIM(CLEAN(D79)) -> 1014|M9 | T79: =IF(N79="","Pending",N79) -> Pending | U79: =IF(I79="","",YEAR(I79)) -> 2026 | V79: =IF(P79="N/A","No OOS",IF(ISNUMBER(FIND("OOS Closed",Q79)),"Closed","Open")) -> Open | W79: =IF(I79="", "", "Week " & INT((DAY(I79)-1)/7)+1 & " of " & TEXT(I79, "mmmm")) -> Week 3 of April
A80: ClearDose Corp | B80: 1014 | C80: Iron Supplement Drops | D80: M6 | E80: 40°C/75%RH | F80: 45917 | G80: 45922 | H80: 45936 | I80: 45929 | J80: 45959 | K80: =IF(I80="","",I80-G80) -> 7 | L80: Active | M80: In Progress | P80: 26-02-003 | S80: =TRIM(CLEAN(B80))&"|"&TRIM(CLEAN(D80)) -> 1014|M6 | T80: =IF(N80="","Pending",N80) -> Pending | U80: =IF(I80="","",YEAR(I80)) -> 2025 | V80: =IF(P80="N/A","No OOS",IF(ISNUMBER(FIND("OOS Closed",Q80)),"Closed","Open")) -> Open | W80: =IF(I80="", "", "Week " & INT((DAY(I80)-1)/7)+1 & " of " & TEXT(I80, "mmmm")) -> Week 5 of September
A81: ClearDose Corp | B81: 1014 | C81: Iron Supplement Drops | D81: M18 | E81: 30°C/65%RH | F81: 45844 | G81: 45838 | H81: 45852 | I81: 45845 | J81: 45875 | K81: =IF(I81="","",I81-G81) -> 7 | L81: Active | M81: In Progress | N81: Not Completed | P81: 26-03-007 | S81: =TRIM(CLEAN(B81))&"|"&TRIM(CLEAN(D81)) -> 1014|M18 | T81: =IF(N81="","Pending",N81) -> Not Completed | U81: =IF(I81="","",YEAR(I81)) -> 2025 | V81: =IF(P81="N/A","No OOS",IF(ISNUMBER(FIND("OOS Closed",Q81)),"Closed","Open")) -> Open | W81: =IF(I81="", "", "Week " & INT((DAY(I81)-1)/7)+1 & " of " & TEXT(I81, "mmmm")) -> Week 1 of July
A82: ClearDose Corp | B82: 1014 | C82: Iron Supplement Drops | D82: M12 | E82: 40°C/75%RH | F82: 45992 | G82: 45992 | H82: 46006 | I82: 45999 | J82: 46029 | K82: =IF(I82="","",I82-G82) -> 7 | L82: Active | M82: In Progress | N82: Completed | P82: N/A | R82: Yes | S82: =TRIM(CLEAN(B82))&"|"&TRIM(CLEAN(D82)) -> 1014|M12 | T82: =IF(N82="","Pending",N82) -> Completed | U82: =IF(I82="","",YEAR(I82)) -> 2025 | V82: =IF(P82="N/A","No OOS",IF(ISNUMBER(FIND("OOS Closed",Q82)),"Closed","Open")) -> No OOS | W82: =IF(I82="", "", "Week " & INT((DAY(I82)-1)/7)+1 & " of " & TEXT(I82, "mmmm")) -> Week 2 of December
A83: MediPro Australia | B83: 1024 | C83: Magnesium Citrate Powder | D83: M36 | E83: 40°C/75%RH | F83: 46024 | G83: 46022 | H83: 46036 | I83: 46029 | J83: 46059 | K83: =IF(I83="","",I83-G83) -> 7 | L83: Active | M83: In Progress | P83: 26-04-012 | S83: =TRIM(CLEAN(B83))&"|"&TRIM(CLEAN(D83)) -> 1024|M36 | T83: =IF(N83="","Pending",N83) -> Pending | U83: =IF(I83="","",YEAR(I83)) -> 2026 | V83: =IF(P83="N/A","No OOS",IF(ISNUMBER(FIND("OOS Closed",Q83)),"Closed","Open")) -> Open | W83: =IF(I83="", "", "Week " & INT((DAY(I83)-1)/7)+1 & " of " & TEXT(I83, "mmmm")) -> Week 1 of January
A84: MediPro Australia | B84: 1024 | C84: Magnesium Citrate Powder | D84: M12 | E84: 30°C/65%RH | F84: 45908 | G84: 45902 | H84: 45916 | I84: 45909 | J84: 45939 | K84: =IF(I84="","",I84-G84) -> 7 | L84: Active | M84: In Progress | P84: N/A | S84: =TRIM(CLEAN(B84))&"|"&TRIM(CLEAN(D84)) -> 1024|M12 | T84: =IF(N84="","Pending",N84) -> Pending | U84: =IF(I84="","",YEAR(I84)) -> 2025 | V84: =IF(P84="N/A","No OOS",IF(ISNUMBER(FIND("OOS Closed",Q84)),"Closed","Open")) -> No OOS | W84: =IF(I84="", "", "Week " & INT((DAY(I84)-1)/7)+1 & " of " & TEXT(I84, "mmmm")) -> Week 2 of September
A85: MediPro Australia | B85: 1024 | C85: Magnesium Citrate Powder | D85: M24 | E85: 30°C/65%RH | F85: 46109 | G85: 46111 | H85: 46125 | I85: 46118 | J85: 46148 | K85: =IF(I85="","",I85-G85) -> 7 | L85: Active | M85: In Progress | P85: 26-01-001 | Q85: OOS Closed | S85: =TRIM(CLEAN(B85))&"|"&TRIM(CLEAN(D85)) -> 1024|M24 | T85: =IF(N85="","Pending",N85) -> Pending | U85: =IF(I85="","",YEAR(I85)) -> 2026 | V85: =IF(P85="N/A","No OOS",IF(ISNUMBER(FIND("OOS Closed",Q85)),"Closed","Open")) -> Closed | W85: =IF(I85="", "", "Week " & INT((DAY(I85)-1)/7)+1 & " of " & TEXT(I85, "mmmm")) -> Week 1 of April
A86: MediPro Australia | B86: 1024 | C86: Magnesium Citrate Powder | D86: M6 | E86: 40°C/75%RH | F86: 45902 | G86: 45895 | H86: 45909 | I86: 45902 | J86: 45932 | K86: =IF(I86="","",I86-G86) -> 7 | L86: Active | M86: In Progress | P86: N/A | S86: =TRIM(CLEAN(B86))&"|"&TRIM(CLEAN(D86)) -> 1024|M6 | T86: =IF(N86="","Pending",N86) -> Pending | U86: =IF(I86="","",YEAR(I86)) -> 2025 | V86: =IF(P86="N/A","No OOS",IF(ISNUMBER(FIND("OOS Closed",Q86)),"Closed","Open")) -> No OOS | W86: =IF(I86="", "", "Week " & INT((DAY(I86)-1)/7)+1 & " of " & TEXT(I86, "mmmm")) -> Week 1 of September
A87: MediPro Australia | B87: 1024 | C87: Magnesium Citrate Powder | D87: M9 | E87: 5°C±3°C | K87: =IF(I87="","",I87-G87) | P87: N/A | S87: =TRIM(CLEAN(B87))&"|"&TRIM(CLEAN(D87)) -> 1024|M9 | T87: =IF(N87="","Pending",N87) -> Pending | U87: =IF(I87="","",YEAR(I87)) | V87: =IF(P87="N/A","No OOS",IF(ISNUMBER(FIND("OOS Closed",Q87)),"Closed","Open")) -> No OOS | W87: =IF(I87="", "", "Week " & INT((DAY(I87)-1)/7)+1 & " of " & TEXT(I87, "mmmm"))
A88: MediPro Australia | B88: 1043 | C88: Vitamin C 500mg Tablets | D88: M36 | E88: 25°C/60%RH | F88: 45864 | G88: 45870 | H88: 45884 | I88: 45877 | J88: 45907 | K88: =IF(I88="","",I88-G88) -> 7 | L88: Active | M88: In Progress | P88: N/A | S88: =TRIM(CLEAN(B88))&"|"&TRIM(CLEAN(D88)) -> 1043|M36 | T88: =IF(N88="","Pending",N88) -> Pending | U88: =IF(I88="","",YEAR(I88)) -> 2025 | V88: =IF(P88="N/A","No OOS",IF(ISNUMBER(FIND("OOS Closed",Q88)),"Closed","Open")) -> No OOS | W88: =IF(I88="", "", "Week " & INT((DAY(I88)-1)/7)+1 & " of " & TEXT(I88, "mmmm")) -> Week 2 of August
A89: MediPro Australia | B89: 1043 | C89: Vitamin C 500mg Tablets | D89: M9 | E89: 30°C/65%RH | K89: =IF(I89="","",I89-G89) | P89: N/A | R89: Yes | S89: =TRIM(CLEAN(B89))&"|"&TRIM(CLEAN(D89)) -> 1043|M9 | T89: =IF(N89="","Pending",N89) -> Pending | U89: =IF(I89="","",YEAR(I89)) | V89: =IF(P89="N/A","No OOS",IF(ISNUMBER(FIND("OOS Closed",Q89)),"Closed","Open")) -> No OOS | W89: =IF(I89="", "", "Week " & INT((DAY(I89)-1)/7)+1 & " of " & TEXT(I89, "mmmm"))
A90: MediPro Australia | B90: 1043 | C90: Vitamin C 500mg Tablets | D90: M24 | E90: 30°C/65%RH | F90: 45788 | G90: 45784 | H90: 45798 | I90: 45791 | J90: 45821 | K90: =IF(I90="","",I90-G90) -> 7 | L90: Active | M90: In Progress | N90: Completed | P90: 26-03-007 | Q90: OOS Closed | R90: Yes | S90: =TRIM(CLEAN(B90))&"|"&TRIM(CLEAN(D90)) -> 1043|M24 | T90: =IF(N90="","Pending",N90) -> Completed | U90: =IF(I90="","",YEAR(I90)) -> 2025 | V90: =IF(P90="N/A","No OOS",IF(ISNUMBER(FIND("OOS Closed",Q90)),"Closed","Open")) -> Closed | W90: =IF(I90="", "", "Week " & INT((DAY(I90)-1)/7)+1 & " of " & TEXT(I90, "mmmm")) -> Week 2 of May
A91: MediPro Australia | B91: 1043 | C91: Vitamin C 500mg Tablets | D91: M6 | E91: 25°C/60%RH | F91: 45970 | G91: 45967 | H91: 45981 | I91: 45974 | J91: 46004 | K91: =IF(I91="","",I91-G91) -> 7 | L91: Active | M91: In Progress | P91: 26-03-007 | S91: =TRIM(CLEAN(B91))&"|"&TRIM(CLEAN(D91)) -> 1043|M6 | T91: =IF(N91="","Pending",N91) -> Pending | U91: =IF(I91="","",YEAR(I91)) -> 2025 | V91: =IF(P91="N/A","No OOS",IF(ISNUMBER(FIND("OOS Closed",Q91)),"Closed","Open")) -> Open | W91: =IF(I91="", "", "Week " & INT((DAY(I91)-1)/7)+1 & " of " & TEXT(I91, "mmmm")) -> Week 2 of November
A92: MediPro Australia | B92: 1043 | C92: Vitamin C 500mg Tablets | D92: M3 | E92: 30°C/65%RH | F92: 46135 | G92: 46131 | H92: 46145 | I92: 46138 | J92: 46168 | K92: =IF(I92="","",I92-G92) -> 7 | L92: Active | M92: In Progress | N92: Not Completed | P92: 26-01-001 | Q92: OOS Closed | S92: =TRIM(CLEAN(B92))&"|"&TRIM(CLEAN(D92)) -> 1043|M3 | T92: =IF(N92="","Pending",N92) -> Not Completed | U92: =IF(I92="","",YEAR(I92)) -> 2026 | V92: =IF(P92="N/A","No OOS",IF(ISNUMBER(FIND("OOS Closed",Q92)),"Closed","Open")) -> Closed | W92: =IF(I92="", "", "Week " & INT((DAY(I92)-1)/7)+1 & " of " & TEXT(I92, "mmmm")) -> Week 4 of April
A93: MediPro Australia | B93: 1046 | C93: CoQ10 100mg Softgels | D93: M1 | E93: 5°C±3°C | F93: 45761 | G93: 45757 | H93: 45771 | I93: 45764 | J93: 45794 | K93: =IF(I93="","",I93-G93) -> 7 | L93: Active | M93: In Progress | P93: 26-01-001 | Q93: OOS Closed | S93: =TRIM(CLEAN(B93))&"|"&TRIM(CLEAN(D93)) -> 1046|M1 | T93: =IF(N93="","Pending",N93) -> Pending | U93: =IF(I93="","",YEAR(I93)) -> 2025 | V93: =IF(P93="N/A","No OOS",IF(ISNUMBER(FIND("OOS Closed",Q93)),"Closed","Open")) -> Closed | W93: =IF(I93="", "", "Week " & INT((DAY(I93)-1)/7)+1 & " of " & TEXT(I93, "mmmm")) -> Week 3 of April
A94: MediPro Australia | B94: 1046 | C94: CoQ10 100mg Softgels | D94: M9 | E94: 5°C±3°C | F94: 45871 | G94: 45876 | H94: 45890 | I94: 45883 | J94: 45913 | K94: =IF(I94="","",I94-G94) -> 7 | L94: Active | M94: In Progress | P94: N/A | S94: =TRIM(CLEAN(B94))&"|"&TRIM(CLEAN(D94)) -> 1046|M9 | T94: =IF(N94="","Pending",N94) -> Pending | U94: =IF(I94="","",YEAR(I94)) -> 2025 | V94: =IF(P94="N/A","No OOS",IF(ISNUMBER(FIND("OOS Closed",Q94)),"Closed","Open")) -> No OOS | W94: =IF(I94="", "", "Week " & INT((DAY(I94)-1)/7)+1 & " of " & TEXT(I94, "mmmm")) -> Week 2 of August
A95: MediPro Australia | B95: 1046 | C95: CoQ10 100mg Softgels | D95: M24 | E95: 25°C/60%RH | F95: 45810 | G95: 45817 | H95: 45831 | I95: 45824 | J95: 45854 | K95: =IF(I95="","",I95-G95) -> 7 | L95: Active | M95: In Progress | P95: N/A | S95: =TRIM(CLEAN(B95))&"|"&TRIM(CLEAN(D95)) -> 1046|M24 | T95: =IF(N95="","Pending",N95) -> Pending | U95: =IF(I95="","",YEAR(I95)) -> 2025 | V95: =IF(P95="N/A","No OOS",IF(ISNUMBER(FIND("OOS Closed",Q95)),"Closed","Open")) -> No OOS | W95: =IF(I95="", "", "Week " & INT((DAY(I95)-1)/7)+1 & " of " & TEXT(I95, "mmmm")) -> Week 3 of June
A96: MediPro Australia | B96: 1046 | C96: CoQ10 100mg Softgels | D96: M12 | E96: 5°C±3°C | F96: 46041 | G96: 46045 | H96: 46059 | I96: 46052 | J96: 46082 | K96: =IF(I96="","",I96-G96) -> 7 | L96: Active | M96: In Progress | P96: 26-01-001 | S96: =TRIM(CLEAN(B96))&"|"&TRIM(CLEAN(D96)) -> 1046|M12 | T96: =IF(N96="","Pending",N96) -> Pending | U96: =IF(I96="","",YEAR(I96)) -> 2026 | V96: =IF(P96="N/A","No OOS",IF(ISNUMBER(FIND("OOS Closed",Q96)),"Closed","Open")) -> Open | W96: =IF(I96="", "", "Week " & INT((DAY(I96)-1)/7)+1 & " of " & TEXT(I96, "mmmm")) -> Week 5 of January
A97: MediPro Australia | B97: 1055 | C97: Melatonin 3mg Tablets | D97: M36 | E97: 25°C/60%RH | F97: 45876 | G97: 45869 | H97: 45883 | I97: 45876 | J97: 45906 | K97: =IF(I97="","",I97-G97) -> 7 | L97: Active | M97: In Progress | N97: Completed | O97: QIDR-788 | P97: N/A | R97: Yes | S97: =TRIM(CLEAN(B97))&"|"&TRIM(CLEAN(D97)) -> 1055|M36 | T97: =IF(N97="","Pending",N97) -> Completed | U97: =IF(I97="","",YEAR(I97)) -> 2025 | V97: =IF(P97="N/A","No OOS",IF(ISNUMBER(FIND("OOS Closed",Q97)),"Closed","Open")) -> No OOS | W97: =IF(I97="", "", "Week " & INT((DAY(I97)-1)/7)+1 & " of " & TEXT(I97, "mmmm")) -> Week 1 of August
A98: MediPro Australia | B98: 1055 | C98: Melatonin 3mg Tablets | D98: M1 | E98: 5°C±3°C | F98: 46043 | G98: 46036 | H98: 46050 | I98: 46043 | J98: 46073 | K98: =IF(I98="","",I98-G98) -> 7 | L98: Active | M98: In Progress | N98: Not Completed | O98: QIDR-285 | P98: 26-04-012 | Q98: OOS Closed | S98: =TRIM(CLEAN(B98))&"|"&TRIM(CLEAN(D98)) -> 1055|M1 | T98: =IF(N98="","Pending",N98) -> Not Completed | U98: =IF(I98="","",YEAR(I98)) -> 2026 | V98: =IF(P98="N/A","No OOS",IF(ISNUMBER(FIND("OOS Closed",Q98)),"Closed","Open")) -> Closed | W98: =IF(I98="", "", "Week " & INT((DAY(I98)-1)/7)+1 & " of " & TEXT(I98, "mmmm")) -> Week 3 of January
A99: MediPro Australia | B99: 1055 | C99: Melatonin 3mg Tablets | D99: M12 | E99: 5°C±3°C | F99: 45961 | G99: 45964 | H99: 45978 | I99: 45971 | J99: 46001 | K99: =IF(I99="","",I99-G99) -> 7 | L99: Active | M99: In Progress | P99: N/A | S99: =TRIM(CLEAN(B99))&"|"&TRIM(CLEAN(D99)) -> 1055|M12 | T99: =IF(N99="","Pending",N99) -> Pending | U99: =IF(I99="","",YEAR(I99)) -> 2025 | V99: =IF(P99="N/A","No OOS",IF(ISNUMBER(FIND("OOS Closed",Q99)),"Closed","Open")) -> No OOS | W99: =IF(I99="", "", "Week " & INT((DAY(I99)-1)/7)+1 & " of " & TEXT(I99, "mmmm")) -> Week 2 of November
A100: MediPro Australia | B100: 1055 | C100: Melatonin 3mg Tablets | D100: M24 | E100: 5°C±3°C | F100: 46090 | G100: 46084 | H100: 46098 | I100: 46091 | J100: 46121 | K100: =IF(I100="","",I100-G100) -> 7 | L100: Active | M100: In Progress | N100: Not Completed | P100: 26-02-003 | S100: =TRIM(CLEAN(B100))&"|"&TRIM(CLEAN(D100)) -> 1055|M24 | T100: =IF(N100="","Pending",N100) -> Not Completed | U100: =IF(I100="","",YEAR(I100)) -> 2026 | V100: =IF(P100="N/A","No OOS",IF(ISNUMBER(FIND("OOS Closed",Q100)),"Closed","Open")) -> Open | W100: =IF(I100="", "", "Week " & INT((DAY(I100)-1)/7)+1 & " of " & TEXT(I100, "mmmm")) -> Week 2 of March
A101: MediPro Australia | B101: 1055 | C101: Melatonin 3mg Tablets | D101: M9 | E101: 5°C±3°C | F101: 46152 | G101: 46157 | H101: 46171 | I101: 46164 | J101: 46194 | K101: =IF(I101="","",I101-G101) -> 7 | L101: Active | M101: In Progress | P101: N/A | S101: =TRIM(CLEAN(B101))&"|"&TRIM(CLEAN(D101)) -> 1055|M9 | T101: =IF(N101="","Pending",N101) -> Pending | U101: =IF(I101="","",YEAR(I101)) -> 2026 | V101: =IF(P101="N/A","No OOS",IF(ISNUMBER(FIND("OOS Closed",Q101)),"Closed","Open")) -> No OOS | W101: =IF(I101="", "", "Week " & INT((DAY(I101)-1)/7)+1 & " of " & TEXT(I101, "mmmm")) -> Week 4 of May
...

Sheet INVOICE & REPORT TRACKER
A1: ℹ️ DEMO FILE — All data is fictitious for portfolio purposes only
A2: INVOICE & REPORT TRACKER — Demo Data
A3: Client | B3: Stability No. | C3: Product Name | D3: Batch No. | E3: Timepoint | F3: Invoice No. | G3: Report Sent Deadline | H3: Report Sent to Client Date | I3: PO | J3: Status Final | K3: KEY (Stability+Timepoint) | L3: Invoice Status
A4: NovaMed Pharma | B4: 801 | C4: Omega-3 Fish Oil Capsules | D4: BN-9864 | E4: M9 | F4: IN2600004 | G4: 45809 | H4: 45795 | I4: PO-90931 | J4: =IF(ISNUMBER(IFERROR(INDEX('WEEKLY PULL-OUT SCHEDULE'!$T:$T,MATCH(K4,'WEEKLY PULL-OUT SCHEDULE'!$S:$S,0)),"")),"",IFERROR(INDEX('WEEKLY PULL-OUT SCHEDULE'!$T:$T,MATCH(K4,'WEEKLY PULL-OUT SCHEDULE'!$S:$S,0)),"")) -> Completed | K4: =TRIM(CLEAN(B4))&"|"&TRIM(CLEAN(E4)) -> 801|M9 | L4: =IF(F4="","Pending","Issued") -> Issued
A5: NovaMed Pharma | B5: 801 | C5: Omega-3 Fish Oil Capsules | D5: BN-2480 | E5: M24 | F5: IN2600006 | I5: PO-66881 | J5: =IF(ISNUMBER(IFERROR(INDEX('WEEKLY PULL-OUT SCHEDULE'!$T:$T,MATCH(K5,'WEEKLY PULL-OUT SCHEDULE'!$S:$S,0)),"")),"",IFERROR(INDEX('WEEKLY PULL-OUT SCHEDULE'!$T:$T,MATCH(K5,'WEEKLY PULL-OUT SCHEDULE'!$S:$S,0)),"")) -> Pending | K5: =TRIM(CLEAN(B5))&"|"&TRIM(CLEAN(E5)) -> 801|M24 | L5: =IF(F5="","Pending","Issued") -> Issued
A6: NovaMed Pharma | B6: 801 | C6: Omega-3 Fish Oil Capsules | D6: BN-8269 | E6: M1 | G6: 45845 | J6: =IF(ISNUMBER(IFERROR(INDEX('WEEKLY PULL-OUT SCHEDULE'!$T:$T,MATCH(K6,'WEEKLY PULL-OUT SCHEDULE'!$S:$S,0)),"")),"",IFERROR(INDEX('WEEKLY PULL-OUT SCHEDULE'!$T:$T,MATCH(K6,'WEEKLY PULL-OUT SCHEDULE'!$S:$S,0)),"")) -> Pending | K6: =TRIM(CLEAN(B6))&"|"&TRIM(CLEAN(E6)) -> 801|M1 | L6: =IF(F6="","Pending","Issued") -> Pending
A7: NovaMed Pharma | B7: 801 | C7: Omega-3 Fish Oil Capsules | D7: BN-1753 | E7: M12 | G7: 46206 | J7: =IF(ISNUMBER(IFERROR(INDEX('WEEKLY PULL-OUT SCHEDULE'!$T:$T,MATCH(K7,'WEEKLY PULL-OUT SCHEDULE'!$S:$S,0)),"")),"",IFERROR(INDEX('WEEKLY PULL-OUT SCHEDULE'!$T:$T,MATCH(K7,'WEEKLY PULL-OUT SCHEDULE'!$S:$S,0)),"")) -> Pending | K7: =TRIM(CLEAN(B7))&"|"&TRIM(CLEAN(E7)) -> 801|M12 | L7: =IF(F7="","Pending","Issued") -> Pending
A8: NovaMed Pharma | B8: 821 | C8: Zinc Lozenges 10mg | D8: BN-7141 | E8: M9 | G8: 45833 | J8: =IF(ISNUMBER(IFERROR(INDEX('WEEKLY PULL-OUT SCHEDULE'!$T:$T,MATCH(K8,'WEEKLY PULL-OUT SCHEDULE'!$S:$S,0)),"")),"",IFERROR(INDEX('WEEKLY PULL-OUT SCHEDULE'!$T:$T,MATCH(K8,'WEEKLY PULL-OUT SCHEDULE'!$S:$S,0)),"")) -> Not Completed | K8: =TRIM(CLEAN(B8))&"|"&TRIM(CLEAN(E8)) -> 821|M9 | L8: =IF(F8="","Pending","Issued") -> Pending
A9: NovaMed Pharma | B9: 821 | C9: Zinc Lozenges 10mg | D9: BN-3950 | E9: M18 | G9: 45979 | J9: =IF(ISNUMBER(IFERROR(INDEX('WEEKLY PULL-OUT SCHEDULE'!$T:$T,MATCH(K9,'WEEKLY PULL-OUT SCHEDULE'!$S:$S,0)),"")),"",IFERROR(INDEX('WEEKLY PULL-OUT SCHEDULE'!$T:$T,MATCH(K9,'WEEKLY PULL-OUT SCHEDULE'!$S:$S,0)),"")) -> Pending | K9: =TRIM(CLEAN(B9))&"|"&TRIM(CLEAN(E9)) -> 821|M18 | L9: =IF(F9="","Pending","Issued") -> Pending
A10: NovaMed Pharma | B10: 821 | C10: Zinc Lozenges 10mg | D10: BN-4945 | E10: M1 | G10: 45829 | J10: =IF(ISNUMBER(IFERROR(INDEX('WEEKLY PULL-OUT SCHEDULE'!$T:$T,MATCH(K10,'WEEKLY PULL-OUT SCHEDULE'!$S:$S,0)),"")),"",IFERROR(INDEX('WEEKLY PULL-OUT SCHEDULE'!$T:$T,MATCH(K10,'WEEKLY PULL-OUT SCHEDULE'!$S:$S,0)),"")) -> Not Completed | K10: =TRIM(CLEAN(B10))&"|"&TRIM(CLEAN(E10)) -> 821|M1 | L10: =IF(F10="","Pending","Issued") -> Pending
A11: NovaMed Pharma | B11: 821 | C11: Zinc Lozenges 10mg | D11: BN-8555 | E11: M24 | G11: 46120 | J11: =IF(ISNUMBER(IFERROR(INDEX('WEEKLY PULL-OUT SCHEDULE'!$T:$T,MATCH(K11,'WEEKLY PULL-OUT SCHEDULE'!$S:$S,0)),"")),"",IFERROR(INDEX('WEEKLY PULL-OUT SCHEDULE'!$T:$T,MATCH(K11,'WEEKLY PULL-OUT SCHEDULE'!$S:$S,0)),"")) -> Pending | K11: =TRIM(CLEAN(B11))&"|"&TRIM(CLEAN(E11)) -> 821|M24 | L11: =IF(F11="","Pending","Issued") -> Pending
A12: NovaMed Pharma | B12: 821 | C12: Zinc Lozenges 10mg | D12: BN-8622 | E12: M3 | G12: 45910 | J12: =IF(ISNUMBER(IFERROR(INDEX('WEEKLY PULL-OUT SCHEDULE'!$T:$T,MATCH(K12,'WEEKLY PULL-OUT SCHEDULE'!$S:$S,0)),"")),"",IFERROR(INDEX('WEEKLY PULL-OUT SCHEDULE'!$T:$T,MATCH(K12,'WEEKLY PULL-OUT SCHEDULE'!$S:$S,0)),"")) -> Completed | K12: =TRIM(CLEAN(B12))&"|"&TRIM(CLEAN(E12)) -> 821|M3 | L12: =IF(F12="","Pending","Issued") -> Pending
A13: NovaMed Pharma | B13: 832 | C13: Turmeric Extract Capsules | D13: BN-2210 | E13: M36 | J13: =IF(ISNUMBER(IFERROR(INDEX('WEEKLY PULL-OUT SCHEDULE'!$T:$T,MATCH(K13,'WEEKLY PULL-OUT SCHEDULE'!$S:$S,0)),"")),"",IFERROR(INDEX('WEEKLY PULL-OUT SCHEDULE'!$T:$T,MATCH(K13,'WEEKLY PULL-OUT SCHEDULE'!$S:$S,0)),"")) -> Pending | K13: =TRIM(CLEAN(B13))&"|"&TRIM(CLEAN(E13)) -> 832|M36 | L13: =IF(F13="","Pending","Issued") -> Pending
A14: NovaMed Pharma | B14: 832 | C14: Turmeric Extract Capsules | D14: BN-5901 | E14: M9 | G14: 46091 | J14: =IF(ISNUMBER(IFERROR(INDEX('WEEKLY PULL-OUT SCHEDULE'!$T:$T,MATCH(K14,'WEEKLY PULL-OUT SCHEDULE'!$S:$S,0)),"")),"",IFERROR(INDEX('WEEKLY PULL-OUT SCHEDULE'!$T:$T,MATCH(K14,'WEEKLY PULL-OUT SCHEDULE'!$S:$S,0)),"")) -> Pending | K14: =TRIM(CLEAN(B14))&"|"&TRIM(CLEAN(E14)) -> 832|M9 | L14: =IF(F14="","Pending","Issued") -> Pending
A15: NovaMed Pharma | B15: 832 | C15: Turmeric Extract Capsules | D15: BN-8484 | E15: M18 | J15: =IF(ISNUMBER(IFERROR(INDEX('WEEKLY PULL-OUT SCHEDULE'!$T:$T,MATCH(K15,'WEEKLY PULL-OUT SCHEDULE'!$S:$S,0)),"")),"",IFERROR(INDEX('WEEKLY PULL-OUT SCHEDULE'!$T:$T,MATCH(K15,'WEEKLY PULL-OUT SCHEDULE'!$S:$S,0)),"")) -> Pending | K15: =TRIM(CLEAN(B15))&"|"&TRIM(CLEAN(E15)) -> 832|M18 | L15: =IF(F15="","Pending","Issued") -> Pending
A16: NovaMed Pharma | B16: 832 | C16: Turmeric Extract Capsules | D16: BN-8916 | E16: M24 | G16: 46009 | J16: =IF(ISNUMBER(IFERROR(INDEX('WEEKLY PULL-OUT SCHEDULE'!$T:$T,MATCH(K16,'WEEKLY PULL-OUT SCHEDULE'!$S:$S,0)),"")),"",IFERROR(INDEX('WEEKLY PULL-OUT SCHEDULE'!$T:$T,MATCH(K16,'WEEKLY PULL-OUT SCHEDULE'!$S:$S,0)),"")) -> Completed | K16: =TRIM(CLEAN(B16))&"|"&TRIM(CLEAN(E16)) -> 832|M24 | L16: =IF(F16="","Pending","Issued") -> Pending
A17: NovaMed Pharma | B17: 833 | C17: CoQ10 100mg Softgels | D17: BN-5847 | E17: M12 | G17: 45943 | J17: =IF(ISNUMBER(IFERROR(INDEX('WEEKLY PULL-OUT SCHEDULE'!$T:$T,MATCH(K17,'WEEKLY PULL-OUT SCHEDULE'!$S:$S,0)),"")),"",IFERROR(INDEX('WEEKLY PULL-OUT SCHEDULE'!$T:$T,MATCH(K17,'WEEKLY PULL-OUT SCHEDULE'!$S:$S,0)),"")) -> Not Completed | K17: =TRIM(CLEAN(B17))&"|"&TRIM(CLEAN(E17)) -> 833|M12 | L17: =IF(F17="","Pending","Issued") -> Pending
A18: NovaMed Pharma | B18: 833 | C18: CoQ10 100mg Softgels | D18: BN-5497 | E18: M24 | G18: 45847 | J18: =IF(ISNUMBER(IFERROR(INDEX('WEEKLY PULL-OUT SCHEDULE'!$T:$T,MATCH(K18,'WEEKLY PULL-OUT SCHEDULE'!$S:$S,0)),"")),"",IFERROR(INDEX('WEEKLY PULL-OUT SCHEDULE'!$T:$T,MATCH(K18,'WEEKLY PULL-OUT SCHEDULE'!$S:$S,0)),"")) -> Pending | K18: =TRIM(CLEAN(B18))&"|"&TRIM(CLEAN(E18)) -> 833|M24 | L18: =IF(F18="","Pending","Issued") -> Pending
A19: BioCore Labs | B19: 843 | C19: Iron Supplement Drops | D19: BN-9138 | E19: M1 | J19: =IF(ISNUMBER(IFERROR(INDEX('WEEKLY PULL-OUT SCHEDULE'!$T:$T,MATCH(K19,'WEEKLY PULL-OUT SCHEDULE'!$S:$S,0)),"")),"",IFERROR(INDEX('WEEKLY PULL-OUT SCHEDULE'!$T:$T,MATCH(K19,'WEEKLY PULL-OUT SCHEDULE'!$S:$S,0)),"")) -> Pending | K19: =TRIM(CLEAN(B19))&"|"&TRIM(CLEAN(E19)) -> 843|M1 | L19: =IF(F19="","Pending","Issued") -> Pending
A20: BioCore Labs | B20: 843 | C20: Iron Supplement Drops | D20: BN-6772 | E20: M3 | F20: IN2600046 | G20: 46074 | H20: 46066 | I20: PO-93442 | J20: =IF(ISNUMBER(IFERROR(INDEX('WEEKLY PULL-OUT SCHEDULE'!$T:$T,MATCH(K20,'WEEKLY PULL-OUT SCHEDULE'!$S:$S,0)),"")),"",IFERROR(INDEX('WEEKLY PULL-OUT SCHEDULE'!$T:$T,MATCH(K20,'WEEKLY PULL-OUT SCHEDULE'!$S:$S,0)),"")) -> Pending | K20: =TRIM(CLEAN(B20))&"|"&TRIM(CLEAN(E20)) -> 843|M3 | L20: =IF(F20="","Pending","Issued") -> Issued
A21: BioCore Labs | B21: 843 | C21: Iron Supplement Drops | D21: BN-2591 | E21: M12 | G21: 46136 | J21: =IF(ISNUMBER(IFERROR(INDEX('WEEKLY PULL-OUT SCHEDULE'!$T:$T,MATCH(K21,'WEEKLY PULL-OUT SCHEDULE'!$S:$S,0)),"")),"",IFERROR(INDEX('WEEKLY PULL-OUT SCHEDULE'!$T:$T,MATCH(K21,'WEEKLY PULL-OUT SCHEDULE'!$S:$S,0)),"")) -> Pending | K21: =TRIM(CLEAN(B21))&"|"&TRIM(CLEAN(E21)) -> 843|M12 | L21: =IF(F21="","Pending","Issued") -> Pending
A22: BioCore Labs | B22: 843 | C22: Iron Supplement Drops | D22: BN-8222 | E22: M36 | G22: 45966 | J22: =IF(ISNUMBER(IFERROR(INDEX('WEEKLY PULL-OUT SCHEDULE'!$T:$T,MATCH(K22,'WEEKLY PULL-OUT SCHEDULE'!$S:$S,0)),"")),"",IFERROR(INDEX('WEEKLY PULL-OUT SCHEDULE'!$T:$T,MATCH(K22,'WEEKLY PULL-OUT SCHEDULE'!$S:$S,0)),"")) -> Pending | K22: =TRIM(CLEAN(B22))&"|"&TRIM(CLEAN(E22)) -> 843|M36 | L22: =IF(F22="","Pending","Issued") -> Pending
A23: BioCore Labs | B23: 851 | C23: Vitamin C 500mg Tablets | D23: BN-6352 | E23: M24 | G23: 46244 | J23: =IF(ISNUMBER(IFERROR(INDEX('WEEKLY PULL-OUT SCHEDULE'!$T:$T,MATCH(K23,'WEEKLY PULL-OUT SCHEDULE'!$S:$S,0)),"")),"",IFERROR(INDEX('WEEKLY PULL-OUT SCHEDULE'!$T:$T,MATCH(K23,'WEEKLY PULL-OUT SCHEDULE'!$S:$S,0)),"")) -> Pending | K23: =TRIM(CLEAN(B23))&"|"&TRIM(CLEAN(E23)) -> 851|M24 | L23: =IF(F23="","Pending","Issued") -> Pending
A24: BioCore Labs | B24: 851 | C24: Vitamin C 500mg Tablets | D24: BN-9837 | E24: M6 | G24: 45842 | J24: =IF(ISNUMBER(IFERROR(INDEX('WEEKLY PULL-OUT SCHEDULE'!$T:$T,MATCH(K24,'WEEKLY PULL-OUT SCHEDULE'!$S:$S,0)),"")),"",IFERROR(INDEX('WEEKLY PULL-OUT SCHEDULE'!$T:$T,MATCH(K24,'WEEKLY PULL-OUT SCHEDULE'!$S:$S,0)),"")) -> Pending | K24: =TRIM(CLEAN(B24))&"|"&TRIM(CLEAN(E24)) -> 851|M6 | L24: =IF(F24="","Pending","Issued") -> Pending
A25: HealthSync Ltd | B25: 853 | C25: Omega-3 Fish Oil Capsules | D25: BN-5465 | E25: M18 | G25: 45864 | J25: =IF(ISNUMBER(IFERROR(INDEX('WEEKLY PULL-OUT SCHEDULE'!$T:$T,MATCH(K25,'WEEKLY PULL-OUT SCHEDULE'!$S:$S,0)),"")),"",IFERROR(INDEX('WEEKLY PULL-OUT SCHEDULE'!$T:$T,MATCH(K25,'WEEKLY PULL-OUT SCHEDULE'!$S:$S,0)),"")) -> Not Completed | K25: =TRIM(CLEAN(B25))&"|"&TRIM(CLEAN(E25)) -> 853|M18 | L25: =IF(F25="","Pending","Issued") -> Pending
A26: HealthSync Ltd | B26: 853 | C26: Omega-3 Fish Oil Capsules | D26: BN-5835 | E26: M24 | G26: 46074 | J26: =IF(ISNUMBER(IFERROR(INDEX('WEEKLY PULL-OUT SCHEDULE'!$T:$T,MATCH(K26,'WEEKLY PULL-OUT SCHEDULE'!$S:$S,0)),"")),"",IFERROR(INDEX('WEEKLY PULL-OUT SCHEDULE'!$T:$T,MATCH(K26,'WEEKLY PULL-OUT SCHEDULE'!$S:$S,0)),"")) -> Completed | K26: =TRIM(CLEAN(B26))&"|"&TRIM(CLEAN(E26)) -> 853|M24 | L26: =IF(F26="","Pending","Issued") -> Pending
A27: HealthSync Ltd | B27: 853 | C27: Omega-3 Fish Oil Capsules | D27: BN-8673 | E27: M1 | G27: 46001 | J27: =IF(ISNUMBER(IFERROR(INDEX('WEEKLY PULL-OUT SCHEDULE'!$T:$T,MATCH(K27,'WEEKLY PULL-OUT SCHEDULE'!$S:$S,0)),"")),"",IFERROR(INDEX('WEEKLY PULL-OUT SCHEDULE'!$T:$T,MATCH(K27,'WEEKLY PULL-OUT SCHEDULE'!$S:$S,0)),"")) -> Pending | K27: =TRIM(CLEAN(B27))&"|"&TRIM(CLEAN(E27)) -> 853|M1 | L27: =IF(F27="","Pending","Issued") -> Pending
A28: HealthSync Ltd | B28: 853 | C28: Omega-3 Fish Oil Capsules | D28: BN-7511 | E28: M3 | G28: 45992 | J28: =IF(ISNUMBER(IFERROR(INDEX('WEEKLY PULL-OUT SCHEDULE'!$T:$T,MATCH(K28,'WEEKLY PULL-OUT SCHEDULE'!$S:$S,0)),"")),"",IFERROR(INDEX('WEEKLY PULL-OUT SCHEDULE'!$T:$T,MATCH(K28,'WEEKLY PULL-OUT SCHEDULE'!$S:$S,0)),"")) -> Pending | K28: =TRIM(CLEAN(B28))&"|"&TRIM(CLEAN(E28)) -> 853|M3 | L28: =IF(F28="","Pending","Issued") -> Pending
A29: HealthSync Ltd | B29: 853 | C29: Omega-3 Fish Oil Capsules | D29: BN-2479 | E29: M12 | G29: 45822 | J29: =IF(ISNUMBER(IFERROR(INDEX('WEEKLY PULL-OUT SCHEDULE'!$T:$T,MATCH(K29,'WEEKLY PULL-OUT SCHEDULE'!$S:$S,0)),"")),"",IFERROR(INDEX('WEEKLY PULL-OUT SCHEDULE'!$T:$T,MATCH(K29,'WEEKLY PULL-OUT SCHEDULE'!$S:$S,0)),"")) -> Pending | K29: =TRIM(CLEAN(B29))&"|"&TRIM(CLEAN(E29)) -> 853|M12 | L29: =IF(F29="","Pending","Issued") -> Pending
A30: HealthSync Ltd | B30: 853 | C30: Omega-3 Fish Oil Capsules | D30: BN-3024 | E30: M36 | G30: 46050 | J30: =IF(ISNUMBER(IFERROR(INDEX('WEEKLY PULL-OUT SCHEDULE'!$T:$T,MATCH(K30,'WEEKLY PULL-OUT SCHEDULE'!$S:$S,0)),"")),"",IFERROR(INDEX('WEEKLY PULL-OUT SCHEDULE'!$T:$T,MATCH(K30,'WEEKLY PULL-OUT SCHEDULE'!$S:$S,0)),"")) -> Pending | K30: =TRIM(CLEAN(B30))&"|"&TRIM(CLEAN(E30)) -> 853|M36 | L30: =IF(F30="","Pending","Issued") -> Pending
A31: HealthSync Ltd | B31: 856 | C31: Probiotic Complex | D31: BN-7242 | E31: M9 | G31: 46084 | J31: =IF(ISNUMBER(IFERROR(INDEX('WEEKLY PULL-OUT SCHEDULE'!$T:$T,MATCH(K31,'WEEKLY PULL-OUT SCHEDULE'!$S:$S,0)),"")),"",IFERROR(INDEX('WEEKLY PULL-OUT SCHEDULE'!$T:$T,MATCH(K31,'WEEKLY PULL-OUT SCHEDULE'!$S:$S,0)),"")) -> Pending | K31: =TRIM(CLEAN(B31))&"|"&TRIM(CLEAN(E31)) -> 856|M9 | L31: =IF(F31="","Pending","Issued") -> Pending
A32: HealthSync Ltd | B32: 856 | C32: Probiotic Complex | D32: BN-4830 | E32: M36 | F32: IN2600080 | G32: 46060 | H32: 46060 | I32: PO-13280 | J32: =IF(ISNUMBER(IFERROR(INDEX('WEEKLY PULL-OUT SCHEDULE'!$T:$T,MATCH(K32,'WEEKLY PULL-OUT SCHEDULE'!$S:$S,0)),"")),"",IFERROR(INDEX('WEEKLY PULL-OUT SCHEDULE'!$T:$T,MATCH(K32,'WEEKLY PULL-OUT SCHEDULE'!$S:$S,0)),"")) -> Pending | K32: =TRIM(CLEAN(B32))&"|"&TRIM(CLEAN(E32)) -> 856|M36 | L32: =IF(F32="","Pending","Issued") -> Issued
A33: HealthSync Ltd | B33: 856 | C33: Probiotic Complex | D33: BN-4626 | E33: M1 | F33: IN2600083 | G33: 46136 | H33: 46141 | I33: PO-18285 | J33: =IF(ISNUMBER(IFERROR(INDEX('WEEKLY PULL-OUT SCHEDULE'!$T:$T,MATCH(K33,'WEEKLY PULL-OUT SCHEDULE'!$S:$S,0)),"")),"",IFERROR(INDEX('WEEKLY PULL-OUT SCHEDULE'!$T:$T,MATCH(K33,'WEEKLY PULL-OUT SCHEDULE'!$S:$S,0)),"")) -> Pending | K33: =TRIM(CLEAN(B33))&"|"&TRIM(CLEAN(E33)) -> 856|M1 | L33: =IF(F33="","Pending","Issued") -> Issued
A34: HealthSync Ltd | B34: 875 | C34: Turmeric Extract Capsules | D34: BN-7689 | E34: M3 | G34: 45860 | J34: =IF(ISNUMBER(IFERROR(INDEX('WEEKLY PULL-OUT SCHEDULE'!$T:$T,MATCH(K34,'WEEKLY PULL-OUT SCHEDULE'!$S:$S,0)),"")),"",IFERROR(INDEX('WEEKLY PULL-OUT SCHEDULE'!$T:$T,MATCH(K34,'WEEKLY PULL-OUT SCHEDULE'!$S:$S,0)),"")) -> Pending | K34: =TRIM(CLEAN(B34))&"|"&TRIM(CLEAN(E34)) -> 875|M3 | L34: =IF(F34="","Pending","Issued") -> Pending
A35: HealthSync Ltd | B35: 875 | C35: Turmeric Extract Capsules | D35: BN-5986 | E35: M12 | G35: 46219 | J35: =IF(ISNUMBER(IFERROR(INDEX('WEEKLY PULL-OUT SCHEDULE'!$T:$T,MATCH(K35,'WEEKLY PULL-OUT SCHEDULE'!$S:$S,0)),"")),"",IFERROR(INDEX('WEEKLY PULL-OUT SCHEDULE'!$T:$T,MATCH(K35,'WEEKLY PULL-OUT SCHEDULE'!$S:$S,0)),"")) -> Pending | K35: =TRIM(CLEAN(B35))&"|"&TRIM(CLEAN(E35)) -> 875|M12 | L35: =IF(F35="","Pending","Issued") -> Pending
A36: HealthSync Ltd | B36: 875 | C36: Turmeric Extract Capsules | D36: BN-9807 | E36: M36 | G36: 45861 | J36: =IF(ISNUMBER(IFERROR(INDEX('WEEKLY PULL-OUT SCHEDULE'!$T:$T,MATCH(K36,'WEEKLY PULL-OUT SCHEDULE'!$S:$S,0)),"")),"",IFERROR(INDEX('WEEKLY PULL-OUT SCHEDULE'!$T:$T,MATCH(K36,'WEEKLY PULL-OUT SCHEDULE'!$S:$S,0)),"")) -> Completed | K36: =TRIM(CLEAN(B36))&"|"&TRIM(CLEAN(E36)) -> 875|M36 | L36: =IF(F36="","Pending","Issued") -> Pending
A37: HealthSync Ltd | B37: 882 | C37: Turmeric Extract Capsules | D37: BN-7866 | E37: M9 | G37: 46226 | J37: =IF(ISNUMBER(IFERROR(INDEX('WEEKLY PULL-OUT SCHEDULE'!$T:$T,MATCH(K37,'WEEKLY PULL-OUT SCHEDULE'!$S:$S,0)),"")),"",IFERROR(INDEX('WEEKLY PULL-OUT SCHEDULE'!$T:$T,MATCH(K37,'WEEKLY PULL-OUT SCHEDULE'!$S:$S,0)),"")) -> Completed | K37: =TRIM(CLEAN(B37))&"|"&TRIM(CLEAN(E37)) -> 882|M9 | L37: =IF(F37="","Pending","Issued") -> Pending
A38: HealthSync Ltd | B38: 882 | C38: Turmeric Extract Capsules | D38: BN-2622 | E38: M18 | G38: 46119 | J38: =IF(ISNUMBER(IFERROR(INDEX('WEEKLY PULL-OUT SCHEDULE'!$T:$T,MATCH(K38,'WEEKLY PULL-OUT SCHEDULE'!$S:$S,0)),"")),"",IFERROR(INDEX('WEEKLY PULL-OUT SCHEDULE'!$T:$T,MATCH(K38,'WEEKLY PULL-OUT SCHEDULE'!$S:$S,0)),"")) -> Not Completed | K38: =TRIM(CLEAN(B38))&"|"&TRIM(CLEAN(E38)) -> 882|M18 | L38: =IF(F38="","Pending","Issued") -> Pending
A39: HealthSync Ltd | B39: 882 | C39: Turmeric Extract Capsules | D39: BN-1536 | E39: M24 | J39: =IF(ISNUMBER(IFERROR(INDEX('WEEKLY PULL-OUT SCHEDULE'!$T:$T,MATCH(K39,'WEEKLY PULL-OUT SCHEDULE'!$S:$S,0)),"")),"",IFERROR(INDEX('WEEKLY PULL-OUT SCHEDULE'!$T:$T,MATCH(K39,'WEEKLY PULL-OUT SCHEDULE'!$S:$S,0)),"")) -> Pending | K39: =TRIM(CLEAN(B39))&"|"&TRIM(CLEAN(E39)) -> 882|M24 | L39: =IF(F39="","Pending","Issued") -> Pending
A40: HealthSync Ltd | B40: 882 | C40: Turmeric Extract Capsules | D40: BN-4868 | E40: M6 | J40: =IF(ISNUMBER(IFERROR(INDEX('WEEKLY PULL-OUT SCHEDULE'!$T:$T,MATCH(K40,'WEEKLY PULL-OUT SCHEDULE'!$S:$S,0)),"")),"",IFERROR(INDEX('WEEKLY PULL-OUT SCHEDULE'!$T:$T,MATCH(K40,'WEEKLY PULL-OUT SCHEDULE'!$S:$S,0)),"")) -> Pending | K40: =TRIM(CLEAN(B40))&"|"&TRIM(CLEAN(E40)) -> 882|M6 | L40: =IF(F40="","Pending","Issued") -> Pending
A41: HealthSync Ltd | B41: 882 | C41: Turmeric Extract Capsules | D41: BN-9920 | E41: M36 | G41: 46233 | J41: =IF(ISNUMBER(IFERROR(INDEX('WEEKLY PULL-OUT SCHEDULE'!$T:$T,MATCH(K41,'WEEKLY PULL-OUT SCHEDULE'!$S:$S,0)),"")),"",IFERROR(INDEX('WEEKLY PULL-OUT SCHEDULE'!$T:$T,MATCH(K41,'WEEKLY PULL-OUT SCHEDULE'!$S:$S,0)),"")) -> Pending | K41: =TRIM(CLEAN(B41))&"|"&TRIM(CLEAN(E41)) -> 882|M36 | L41: =IF(F41="","Pending","Issued") -> Pending
A42: PurePath Wellness | B42: 896 | C42: CoQ10 100mg Softgels | D42: BN-7523 | E42: M9 | G42: 45805 | J42: =IF(ISNUMBER(IFERROR(INDEX('WEEKLY PULL-OUT SCHEDULE'!$T:$T,MATCH(K42,'WEEKLY PULL-OUT SCHEDULE'!$S:$S,0)),"")),"",IFERROR(INDEX('WEEKLY PULL-OUT SCHEDULE'!$T:$T,MATCH(K42,'WEEKLY PULL-OUT SCHEDULE'!$S:$S,0)),"")) -> Pending | K42: =TRIM(CLEAN(B42))&"|"&TRIM(CLEAN(E42)) -> 896|M9 | L42: =IF(F42="","Pending","Issued") -> Pending
A43: PurePath Wellness | B43: 896 | C43: CoQ10 100mg Softgels | D43: BN-2501 | E43: M24 | F43: IN2600113 | G43: 45848 | H43: 45854 | I43: PO-37801 | J43: =IF(ISNUMBER(IFERROR(INDEX('WEEKLY PULL-OUT SCHEDULE'!$T:$T,MATCH(K43,'WEEKLY PULL-OUT SCHEDULE'!$S:$S,0)),"")),"",IFERROR(INDEX('WEEKLY PULL-OUT SCHEDULE'!$T:$T,MATCH(K43,'WEEKLY PULL-OUT SCHEDULE'!$S:$S,0)),"")) -> Completed | K43: =TRIM(CLEAN(B43))&"|"&TRIM(CLEAN(E43)) -> 896|M24 | L43: =IF(F43="","Pending","Issued") -> Issued
A44: PurePath Wellness | B44: 896 | C44: CoQ10 100mg Softgels | D44: BN-1828 | E44: M3 | G44: 46239 | J44: =IF(ISNUMBER(IFERROR(INDEX('WEEKLY PULL-OUT SCHEDULE'!$T:$T,MATCH(K44,'WEEKLY PULL-OUT SCHEDULE'!$S:$S,0)),"")),"",IFERROR(INDEX('WEEKLY PULL-OUT SCHEDULE'!$T:$T,MATCH(K44,'WEEKLY PULL-OUT SCHEDULE'!$S:$S,0)),"")) -> Not Completed | K44: =TRIM(CLEAN(B44))&"|"&TRIM(CLEAN(E44)) -> 896|M3 | L44: =IF(F44="","Pending","Issued") -> Pending
A45: PurePath Wellness | B45: 896 | C45: CoQ10 100mg Softgels | D45: BN-4362 | E45: M18 | G45: 45828 | J45: =IF(ISNUMBER(IFERROR(INDEX('WEEKLY PULL-OUT SCHEDULE'!$T:$T,MATCH(K45,'WEEKLY PULL-OUT SCHEDULE'!$S:$S,0)),"")),"",IFERROR(INDEX('WEEKLY PULL-OUT SCHEDULE'!$T:$T,MATCH(K45,'WEEKLY PULL-OUT SCHEDULE'!$S:$S,0)),"")) -> Pending | K45: =TRIM(CLEAN(B45))&"|"&TRIM(CLEAN(E45)) -> 896|M18 | L45: =IF(F45="","Pending","Issued") -> Pending
A46: PurePath Wellness | B46: 907 | C46: CoQ10 100mg Softgels | D46: BN-4817 | E46: M6 | G46: 45852 | J46: =IF(ISNUMBER(IFERROR(INDEX('WEEKLY PULL-OUT SCHEDULE'!$T:$T,MATCH(K46,'WEEKLY PULL-OUT SCHEDULE'!$S:$S,0)),"")),"",IFERROR(INDEX('WEEKLY PULL-OUT SCHEDULE'!$T:$T,MATCH(K46,'WEEKLY PULL-OUT SCHEDULE'!$S:$S,0)),"")) -> Pending | K46: =TRIM(CLEAN(B46))&"|"&TRIM(CLEAN(E46)) -> 907|M6 | L46: =IF(F46="","Pending","Issued") -> Pending
A47: PurePath Wellness | B47: 907 | C47: CoQ10 100mg Softgels | D47: BN-1046 | E47: M36 | G47: 46059 | J47: =IF(ISNUMBER(IFERROR(INDEX('WEEKLY PULL-OUT SCHEDULE'!$T:$T,MATCH(K47,'WEEKLY PULL-OUT SCHEDULE'!$S:$S,0)),"")),"",IFERROR(INDEX('WEEKLY PULL-OUT SCHEDULE'!$T:$T,MATCH(K47,'WEEKLY PULL-OUT SCHEDULE'!$S:$S,0)),"")) -> Pending | K47: =TRIM(CLEAN(B47))&"|"&TRIM(CLEAN(E47)) -> 907|M36 | L47: =IF(F47="","Pending","Issued") -> Pending
A48: PurePath Wellness | B48: 927 | C48: Iron Supplement Drops | D48: BN-9850 | E48: M3 | F48: IN2600125 | G48: 45960 | H48: 45953 | I48: PO-32871 | J48: =IF(ISNUMBER(IFERROR(INDEX('WEEKLY PULL-OUT SCHEDULE'!$T:$T,MATCH(K48,'WEEKLY PULL-OUT SCHEDULE'!$S:$S,0)),"")),"",IFERROR(INDEX('WEEKLY PULL-OUT SCHEDULE'!$T:$T,MATCH(K48,'WEEKLY PULL-OUT SCHEDULE'!$S:$S,0)),"")) -> Pending | K48: =TRIM(CLEAN(B48))&"|"&TRIM(CLEAN(E48)) -> 927|M3 | L48: =IF(F48="","Pending","Issued") -> Issued
A49: PurePath Wellness | B49: 927 | C49: Iron Supplement Drops | D49: BN-1243 | E49: M18 | G49: 46139 | J49: =IF(ISNUMBER(IFERROR(INDEX('WEEKLY PULL-OUT SCHEDULE'!$T:$T,MATCH(K49,'WEEKLY PULL-OUT SCHEDULE'!$S:$S,0)),"")),"",IFERROR(INDEX('WEEKLY PULL-OUT SCHEDULE'!$T:$T,MATCH(K49,'WEEKLY PULL-OUT SCHEDULE'!$S:$S,0)),"")) -> Not Completed | K49: =TRIM(CLEAN(B49))&"|"&TRIM(CLEAN(E49)) -> 927|M18 | L49: =IF(F49="","Pending","Issued") -> Pending
A50: PurePath Wellness | B50: 927 | C50: Iron Supplement Drops | D50: BN-6304 | E50: M6 | G50: 46195 | J50: =IF(ISNUMBER(IFERROR(INDEX('WEEKLY PULL-OUT SCHEDULE'!$T:$T,MATCH(K50,'WEEKLY PULL-OUT SCHEDULE'!$S:$S,0)),"")),"",IFERROR(INDEX('WEEKLY PULL-OUT SCHEDULE'!$T:$T,MATCH(K50,'WEEKLY PULL-OUT SCHEDULE'!$S:$S,0)),"")) -> Pending | K50: =TRIM(CLEAN(B50))&"|"&TRIM(CLEAN(E50)) -> 927|M6 | L50: =IF(F50="","Pending","Issued") -> Pending
A51: PurePath Wellness | B51: 927 | C51: Iron Supplement Drops | D51: BN-9619 | E51: M24 | G51: 45964 | J51: =IF(ISNUMBER(IFERROR(INDEX('WEEKLY PULL-OUT SCHEDULE'!$T:$T,MATCH(K51,'WEEKLY PULL-OUT SCHEDULE'!$S:$S,0)),"")),"",IFERROR(INDEX('WEEKLY PULL-OUT SCHEDULE'!$T:$T,MATCH(K51,'WEEKLY PULL-OUT SCHEDULE'!$S:$S,0)),"")) -> Not Completed | K51: =TRIM(CLEAN(B51))&"|"&TRIM(CLEAN(E51)) -> 927|M24 | L51: =IF(F51="","Pending","Issued") -> Pending
A52: VitaShield Inc | B52: 943 | C52: Magnesium Citrate Powder | D52: BN-6931 | E52: M36 | G52: 46160 | J52: =IF(ISNUMBER(IFERROR(INDEX('WEEKLY PULL-OUT SCHEDULE'!$T:$T,MATCH(K52,'WEEKLY PULL-OUT SCHEDULE'!$S:$S,0)),"")),"",IFERROR(INDEX('WEEKLY PULL-OUT SCHEDULE'!$T:$T,MATCH(K52,'WEEKLY PULL-OUT SCHEDULE'!$S:$S,0)),"")) -> Pending | K52: =TRIM(CLEAN(B52))&"|"&TRIM(CLEAN(E52)) -> 943|M36 | L52: =IF(F52="","Pending","Issued") -> Pending
A53: VitaShield Inc | B53: 943 | C53: Magnesium Citrate Powder | D53: BN-4629 | E53: M9 | J53: =IF(ISNUMBER(IFERROR(INDEX('WEEKLY PULL-OUT SCHEDULE'!$T:$T,MATCH(K53,'WEEKLY PULL-OUT SCHEDULE'!$S:$S,0)),"")),"",IFERROR(INDEX('WEEKLY PULL-OUT SCHEDULE'!$T:$T,MATCH(K53,'WEEKLY PULL-OUT SCHEDULE'!$S:$S,0)),"")) -> Pending | K53: =TRIM(CLEAN(B53))&"|"&TRIM(CLEAN(E53)) -> 943|M9 | L53: =IF(F53="","Pending","Issued") -> Pending
A54: VitaShield Inc | B54: 943 | C54: Magnesium Citrate Powder | D54: BN-5941 | E54: M18 | G54: 46227 | J54: =IF(ISNUMBER(IFERROR(INDEX('WEEKLY PULL-OUT SCHEDULE'!$T:$T,MATCH(K54,'WEEKLY PULL-OUT SCHEDULE'!$S:$S,0)),"")),"",IFERROR(INDEX('WEEKLY PULL-OUT SCHEDULE'!$T:$T,MATCH(K54,'WEEKLY PULL-OUT SCHEDULE'!$S:$S,0)),"")) -> Pending | K54: =TRIM(CLEAN(B54))&"|"&TRIM(CLEAN(E54)) -> 943|M18 | L54: =IF(F54="","Pending","Issued") -> Pending
A55: VitaShield Inc | B55: 963 | C55: CoQ10 100mg Softgels | D55: BN-8847 | E55: M36 | F55: IN2600151 | G55: 46073 | H55: 46085 | I55: PO-62640 | J55: =IF(ISNUMBER(IFERROR(INDEX('WEEKLY PULL-OUT SCHEDULE'!$T:$T,MATCH(K55,'WEEKLY PULL-OUT SCHEDULE'!$S:$S,0)),"")),"",IFERROR(INDEX('WEEKLY PULL-OUT SCHEDULE'!$T:$T,MATCH(K55,'WEEKLY PULL-OUT SCHEDULE'!$S:$S,0)),"")) -> Not Completed | K55: =TRIM(CLEAN(B55))&"|"&TRIM(CLEAN(E55)) -> 963|M36 | L55: =IF(F55="","Pending","Issued") -> Issued
A56: VitaShield Inc | B56: 963 | C56: CoQ10 100mg Softgels | D56: BN-2204 | E56: M12 | G56: 46191 | J56: =IF(ISNUMBER(IFERROR(INDEX('WEEKLY PULL-OUT SCHEDULE'!$T:$T,MATCH(K56,'WEEKLY PULL-OUT SCHEDULE'!$S:$S,0)),"")),"",IFERROR(INDEX('WEEKLY PULL-OUT SCHEDULE'!$T:$T,MATCH(K56,'WEEKLY PULL-OUT SCHEDULE'!$S:$S,0)),"")) -> Pending | K56: =TRIM(CLEAN(B56))&"|"&TRIM(CLEAN(E56)) -> 963|M12 | L56: =IF(F56="","Pending","Issued") -> Pending
A57: VitaShield Inc | B57: 963 | C57: CoQ10 100mg Softgels | D57: BN-2076 | E57: M18 | G57: 45913 | J57: =IF(ISNUMBER(IFERROR(INDEX('WEEKLY PULL-OUT SCHEDULE'!$T:$T,MATCH(K57,'WEEKLY PULL-OUT SCHEDULE'!$S:$S,0)),"")),"",IFERROR(INDEX('WEEKLY PULL-OUT SCHEDULE'!$T:$T,MATCH(K57,'WEEKLY PULL-OUT SCHEDULE'!$S:$S,0)),"")) -> Pending | K57: =TRIM(CLEAN(B57))&"|"&TRIM(CLEAN(E57)) -> 963|M18 | L57: =IF(F57="","Pending","Issued") -> Pending
A58: VitaShield Inc | B58: 963 | C58: CoQ10 100mg Softgels | D58: BN-9984 | E58: M24 | G58: 46148 | J58: =IF(ISNUMBER(IFERROR(INDEX('WEEKLY PULL-OUT SCHEDULE'!$T:$T,MATCH(K58,'WEEKLY PULL-OUT SCHEDULE'!$S:$S,0)),"")),"",IFERROR(INDEX('WEEKLY PULL-OUT SCHEDULE'!$T:$T,MATCH(K58,'WEEKLY PULL-OUT SCHEDULE'!$S:$S,0)),"")) -> Not Completed | K58: =TRIM(CLEAN(B58))&"|"&TRIM(CLEAN(E58)) -> 963|M24 | L58: =IF(F58="","Pending","Issued") -> Pending
A59: VitaShield Inc | B59: 963 | C59: CoQ10 100mg Softgels | D59: BN-9692 | E59: M9 | G59: 46005 | J59: =IF(ISNUMBER(IFERROR(INDEX('WEEKLY PULL-OUT SCHEDULE'!$T:$T,MATCH(K59,'WEEKLY PULL-OUT SCHEDULE'!$S:$S,0)),"")),"",IFERROR(INDEX('WEEKLY PULL-OUT SCHEDULE'!$T:$T,MATCH(K59,'WEEKLY PULL-OUT SCHEDULE'!$S:$S,0)),"")) -> Not Completed | K59: =TRIM(CLEAN(B59))&"|"&TRIM(CLEAN(E59)) -> 963|M9 | L59: =IF(F59="","Pending","Issued") -> Pending
A60: ClearDose Corp | B60: 979 | C60: Melatonin 3mg Tablets | D60: BN-2624 | E60: M18 | G60: 46220 | J60: =IF(ISNUMBER(IFERROR(INDEX('WEEKLY PULL-OUT SCHEDULE'!$T:$T,MATCH(K60,'WEEKLY PULL-OUT SCHEDULE'!$S:$S,0)),"")),"",IFERROR(INDEX('WEEKLY PULL-OUT SCHEDULE'!$T:$T,MATCH(K60,'WEEKLY PULL-OUT SCHEDULE'!$S:$S,0)),"")) -> Pending | K60: =TRIM(CLEAN(B60))&"|"&TRIM(CLEAN(E60)) -> 979|M18 | L60: =IF(F60="","Pending","Issued") -> Pending
A61: ClearDose Corp | B61: 979 | C61: Melatonin 3mg Tablets | D61: BN-4522 | E61: M6 | G61: 45807 | J61: =IF(ISNUMBER(IFERROR(INDEX('WEEKLY PULL-OUT SCHEDULE'!$T:$T,MATCH(K61,'WEEKLY PULL-OUT SCHEDULE'!$S:$S,0)),"")),"",IFERROR(INDEX('WEEKLY PULL-OUT SCHEDULE'!$T:$T,MATCH(K61,'WEEKLY PULL-OUT SCHEDULE'!$S:$S,0)),"")) -> Pending | K61: =TRIM(CLEAN(B61))&"|"&TRIM(CLEAN(E61)) -> 979|M6 | L61: =IF(F61="","Pending","Issued") -> Pending
A62: ClearDose Corp | B62: 979 | C62: Melatonin 3mg Tablets | D62: BN-6553 | E62: M9 | F62: IN2600180 | G62: 45994 | H62: 46005 | I62: PO-69441 | J62: =IF(ISNUMBER(IFERROR(INDEX('WEEKLY PULL-OUT SCHEDULE'!$T:$T,MATCH(K62,'WEEKLY PULL-OUT SCHEDULE'!$S:$S,0)),"")),"",IFERROR(INDEX('WEEKLY PULL-OUT SCHEDULE'!$T:$T,MATCH(K62,'WEEKLY PULL-OUT SCHEDULE'!$S:$S,0)),"")) -> Pending | K62: =TRIM(CLEAN(B62))&"|"&TRIM(CLEAN(E62)) -> 979|M9 | L62: =IF(F62="","Pending","Issued") -> Issued
A63: ClearDose Corp | B63: 994 | C63: Probiotic Complex | D63: BN-7992 | E63: M1 | G63: 45960 | J63: =IF(ISNUMBER(IFERROR(INDEX('WEEKLY PULL-OUT SCHEDULE'!$T:$T,MATCH(K63,'WEEKLY PULL-OUT SCHEDULE'!$S:$S,0)),"")),"",IFERROR(INDEX('WEEKLY PULL-OUT SCHEDULE'!$T:$T,MATCH(K63,'WEEKLY PULL-OUT SCHEDULE'!$S:$S,0)),"")) -> Pending | K63: =TRIM(CLEAN(B63))&"|"&TRIM(CLEAN(E63)) -> 994|M1 | L63: =IF(F63="","Pending","Issued") -> Pending
A64: ClearDose Corp | B64: 994 | C64: Probiotic Complex | D64: BN-8770 | E64: M6 | J64: =IF(ISNUMBER(IFERROR(INDEX('WEEKLY PULL-OUT SCHEDULE'!$T:$T,MATCH(K64,'WEEKLY PULL-OUT SCHEDULE'!$S:$S,0)),"")),"",IFERROR(INDEX('WEEKLY PULL-OUT SCHEDULE'!$T:$T,MATCH(K64,'WEEKLY PULL-OUT SCHEDULE'!$S:$S,0)),"")) -> Pending | K64: =TRIM(CLEAN(B64))&"|"&TRIM(CLEAN(E64)) -> 994|M6 | L64: =IF(F64="","Pending","Issued") -> Pending
A65: ClearDose Corp | B65: 994 | C65: Probiotic Complex | D65: BN-7105 | E65: M24 | J65: =IF(ISNUMBER(IFERROR(INDEX('WEEKLY PULL-OUT SCHEDULE'!$T:$T,MATCH(K65,'WEEKLY PULL-OUT SCHEDULE'!$S:$S,0)),"")),"",IFERROR(INDEX('WEEKLY PULL-OUT SCHEDULE'!$T:$T,MATCH(K65,'WEEKLY PULL-OUT SCHEDULE'!$S:$S,0)),"")) -> Pending | K65: =TRIM(CLEAN(B65))&"|"&TRIM(CLEAN(E65)) -> 994|M24 | L65: =IF(F65="","Pending","Issued") -> Pending
A66: ClearDose Corp | B66: 1013 | C66: Omega-3 Fish Oil Capsules | D66: BN-6400 | E66: M36 | G66: 46103 | J66: =IF(ISNUMBER(IFERROR(INDEX('WEEKLY PULL-OUT SCHEDULE'!$T:$T,MATCH(K66,'WEEKLY PULL-OUT SCHEDULE'!$S:$S,0)),"")),"",IFERROR(INDEX('WEEKLY PULL-OUT SCHEDULE'!$T:$T,MATCH(K66,'WEEKLY PULL-OUT SCHEDULE'!$S:$S,0)),"")) -> Completed | K66: =TRIM(CLEAN(B66))&"|"&TRIM(CLEAN(E66)) -> 1013|M36 | L66: =IF(F66="","Pending","Issued") -> Pending
A67: ClearDose Corp | B67: 1013 | C67: Omega-3 Fish Oil Capsules | D67: BN-1842 | E67: M18 | J67: =IF(ISNUMBER(IFERROR(INDEX('WEEKLY PULL-OUT SCHEDULE'!$T:$T,MATCH(K67,'WEEKLY PULL-OUT SCHEDULE'!$S:$S,0)),"")),"",IFERROR(INDEX('WEEKLY PULL-OUT SCHEDULE'!$T:$T,MATCH(K67,'WEEKLY PULL-OUT SCHEDULE'!$S:$S,0)),"")) -> Pending | K67: =TRIM(CLEAN(B67))&"|"&TRIM(CLEAN(E67)) -> 1013|M18 | L67: =IF(F67="","Pending","Issued") -> Pending
A68: ClearDose Corp | B68: 1013 | C68: Omega-3 Fish Oil Capsules | D68: BN-2697 | E68: M6 | G68: 46114 | J68: =IF(ISNUMBER(IFERROR(INDEX('WEEKLY PULL-OUT SCHEDULE'!$T:$T,MATCH(K68,'WEEKLY PULL-OUT SCHEDULE'!$S:$S,0)),"")),"",IFERROR(INDEX('WEEKLY PULL-OUT SCHEDULE'!$T:$T,MATCH(K68,'WEEKLY PULL-OUT SCHEDULE'!$S:$S,0)),"")) -> Completed | K68: =TRIM(CLEAN(B68))&"|"&TRIM(CLEAN(E68)) -> 1013|M6 | L68: =IF(F68="","Pending","Issued") -> Pending
A69: ClearDose Corp | B69: 1013 | C69: Omega-3 Fish Oil Capsules | D69: BN-4674 | E69: M24 | G69: 45814 | J69: =IF(ISNUMBER(IFERROR(INDEX('WEEKLY PULL-OUT SCHEDULE'!$T:$T,MATCH(K69,'WEEKLY PULL-OUT SCHEDULE'!$S:$S,0)),"")),"",IFERROR(INDEX('WEEKLY PULL-OUT SCHEDULE'!$T:$T,MATCH(K69,'WEEKLY PULL-OUT SCHEDULE'!$S:$S,0)),"")) -> Pending | K69: =TRIM(CLEAN(B69))&"|"&TRIM(CLEAN(E69)) -> 1013|M24 | L69: =IF(F69="","Pending","Issued") -> Pending
A70: ClearDose Corp | B70: 1014 | C70: Iron Supplement Drops | D70: BN-7022 | E70: M36 | G70: 45883 | J70: =IF(ISNUMBER(IFERROR(INDEX('WEEKLY PULL-OUT SCHEDULE'!$T:$T,MATCH(K70,'WEEKLY PULL-OUT SCHEDULE'!$S:$S,0)),"")),"",IFERROR(INDEX('WEEKLY PULL-OUT SCHEDULE'!$T:$T,MATCH(K70,'WEEKLY PULL-OUT SCHEDULE'!$S:$S,0)),"")) -> Pending | K70: =TRIM(CLEAN(B70))&"|"&TRIM(CLEAN(E70)) -> 1014|M36 | L70: =IF(F70="","Pending","Issued") -> Pending
A71: ClearDose Corp | B71: 1014 | C71: Iron Supplement Drops | D71: BN-8030 | E71: M1 | G71: 46096 | J71: =IF(ISNUMBER(IFERROR(INDEX('WEEKLY PULL-OUT SCHEDULE'!$T:$T,MATCH(K71,'WEEKLY PULL-OUT SCHEDULE'!$S:$S,0)),"")),"",IFERROR(INDEX('WEEKLY PULL-OUT SCHEDULE'!$T:$T,MATCH(K71,'WEEKLY PULL-OUT SCHEDULE'!$S:$S,0)),"")) -> Pending | K71: =TRIM(CLEAN(B71))&"|"&TRIM(CLEAN(E71)) -> 1014|M1 | L71: =IF(F71="","Pending","Issued") -> Pending
A72: ClearDose Corp | B72: 1014 | C72: Iron Supplement Drops | D72: BN-1430 | E72: M9 | F72: IN2600214 | G72: 46177 | H72: 46181 | I72: PO-96223 | J72: =IF(ISNUMBER(IFERROR(INDEX('WEEKLY PULL-OUT SCHEDULE'!$T:$T,MATCH(K72,'WEEKLY PULL-OUT SCHEDULE'!$S:$S,0)),"")),"",IFERROR(INDEX('WEEKLY PULL-OUT SCHEDULE'!$T:$T,MATCH(K72,'WEEKLY PULL-OUT SCHEDULE'!$S:$S,0)),"")) -> Pending | K72: =TRIM(CLEAN(B72))&"|"&TRIM(CLEAN(E72)) -> 1014|M9 | L72: =IF(F72="","Pending","Issued") -> Issued
A73: ClearDose Corp | B73: 1014 | C73: Iron Supplement Drops | D73: BN-5477 | E73: M6 | G73: 45974 | J73: =IF(ISNUMBER(IFERROR(INDEX('WEEKLY PULL-OUT SCHEDULE'!$T:$T,MATCH(K73,'WEEKLY PULL-OUT SCHEDULE'!$S:$S,0)),"")),"",IFERROR(INDEX('WEEKLY PULL-OUT SCHEDULE'!$T:$T,MATCH(K73,'WEEKLY PULL-OUT SCHEDULE'!$S:$S,0)),"")) -> Pending | K73: =TRIM(CLEAN(B73))&"|"&TRIM(CLEAN(E73)) -> 1014|M6 | L73: =IF(F73="","Pending","Issued") -> Pending
A74: ClearDose Corp | B74: 1014 | C74: Iron Supplement Drops | D74: BN-6751 | E74: M18 | G74: 45890 | J74: =IF(ISNUMBER(IFERROR(INDEX('WEEKLY PULL-OUT SCHEDULE'!$T:$T,MATCH(K74,'WEEKLY PULL-OUT SCHEDULE'!$S:$S,0)),"")),"",IFERROR(INDEX('WEEKLY PULL-OUT SCHEDULE'!$T:$T,MATCH(K74,'WEEKLY PULL-OUT SCHEDULE'!$S:$S,0)),"")) -> Not Completed | K74: =TRIM(CLEAN(B74))&"|"&TRIM(CLEAN(E74)) -> 1014|M18 | L74: =IF(F74="","Pending","Issued") -> Pending
A75: MediPro Australia | B75: 1024 | C75: Magnesium Citrate Powder | D75: BN-2140 | E75: M36 | G75: 46074 | J75: =IF(ISNUMBER(IFERROR(INDEX('WEEKLY PULL-OUT SCHEDULE'!$T:$T,MATCH(K75,'WEEKLY PULL-OUT SCHEDULE'!$S:$S,0)),"")),"",IFERROR(INDEX('WEEKLY PULL-OUT SCHEDULE'!$T:$T,MATCH(K75,'WEEKLY PULL-OUT SCHEDULE'!$S:$S,0)),"")) -> Pending | K75: =TRIM(CLEAN(B75))&"|"&TRIM(CLEAN(E75)) -> 1024|M36 | L75: =IF(F75="","Pending","Issued") -> Pending
A76: MediPro Australia | B76: 1024 | C76: Magnesium Citrate Powder | D76: BN-2503 | E76: M12 | G76: 45954 | J76: =IF(ISNUMBER(IFERROR(INDEX('WEEKLY PULL-OUT SCHEDULE'!$T:$T,MATCH(K76,'WEEKLY PULL-OUT SCHEDULE'!$S:$S,0)),"")),"",IFERROR(INDEX('WEEKLY PULL-OUT SCHEDULE'!$T:$T,MATCH(K76,'WEEKLY PULL-OUT SCHEDULE'!$S:$S,0)),"")) -> Pending | K76: =TRIM(CLEAN(B76))&"|"&TRIM(CLEAN(E76)) -> 1024|M12 | L76: =IF(F76="","Pending","Issued") -> Pending
A77: MediPro Australia | B77: 1024 | C77: Magnesium Citrate Powder | D77: BN-8432 | E77: M24 | G77: 46163 | J77: =IF(ISNUMBER(IFERROR(INDEX('WEEKLY PULL-OUT SCHEDULE'!$T:$T,MATCH(K77,'WEEKLY PULL-OUT SCHEDULE'!$S:$S,0)),"")),"",IFERROR(INDEX('WEEKLY PULL-OUT SCHEDULE'!$T:$T,MATCH(K77,'WEEKLY PULL-OUT SCHEDULE'!$S:$S,0)),"")) -> Pending | K77: =TRIM(CLEAN(B77))&"|"&TRIM(CLEAN(E77)) -> 1024|M24 | L77: =IF(F77="","Pending","Issued") -> Pending
A78: MediPro Australia | B78: 1024 | C78: Magnesium Citrate Powder | D78: BN-2391 | E78: M6 | G78: 45947 | J78: =IF(ISNUMBER(IFERROR(INDEX('WEEKLY PULL-OUT SCHEDULE'!$T:$T,MATCH(K78,'WEEKLY PULL-OUT SCHEDULE'!$S:$S,0)),"")),"",IFERROR(INDEX('WEEKLY PULL-OUT SCHEDULE'!$T:$T,MATCH(K78,'WEEKLY PULL-OUT SCHEDULE'!$S:$S,0)),"")) -> Pending | K78: =TRIM(CLEAN(B78))&"|"&TRIM(CLEAN(E78)) -> 1024|M6 | L78: =IF(F78="","Pending","Issued") -> Pending
A79: MediPro Australia | B79: 1024 | C79: Magnesium Citrate Powder | D79: BN-1815 | E79: M9 | J79: =IF(ISNUMBER(IFERROR(INDEX('WEEKLY PULL-OUT SCHEDULE'!$T:$T,MATCH(K79,'WEEKLY PULL-OUT SCHEDULE'!$S:$S,0)),"")),"",IFERROR(INDEX('WEEKLY PULL-OUT SCHEDULE'!$T:$T,MATCH(K79,'WEEKLY PULL-OUT SCHEDULE'!$S:$S,0)),"")) -> Pending | K79: =TRIM(CLEAN(B79))&"|"&TRIM(CLEAN(E79)) -> 1024|M9 | L79: =IF(F79="","Pending","Issued") -> Pending
A80: MediPro Australia | B80: 1043 | C80: Vitamin C 500mg Tablets | D80: BN-8957 | E80: M36 | G80: 45922 | J80: =IF(ISNUMBER(IFERROR(INDEX('WEEKLY PULL-OUT SCHEDULE'!$T:$T,MATCH(K80,'WEEKLY PULL-OUT SCHEDULE'!$S:$S,0)),"")),"",IFERROR(INDEX('WEEKLY PULL-OUT SCHEDULE'!$T:$T,MATCH(K80,'WEEKLY PULL-OUT SCHEDULE'!$S:$S,0)),"")) -> Pending | K80: =TRIM(CLEAN(B80))&"|"&TRIM(CLEAN(E80)) -> 1043|M36 | L80: =IF(F80="","Pending","Issued") -> Pending
A81: MediPro Australia | B81: 1043 | C81: Vitamin C 500mg Tablets | D81: BN-9394 | E81: M9 | J81: =IF(ISNUMBER(IFERROR(INDEX('WEEKLY PULL-OUT SCHEDULE'!$T:$T,MATCH(K81,'WEEKLY PULL-OUT SCHEDULE'!$S:$S,0)),"")),"",IFERROR(INDEX('WEEKLY PULL-OUT SCHEDULE'!$T:$T,MATCH(K81,'WEEKLY PULL-OUT SCHEDULE'!$S:$S,0)),"")) -> Pending | K81: =TRIM(CLEAN(B81))&"|"&TRIM(CLEAN(E81)) -> 1043|M9 | L81: =IF(F81="","Pending","Issued") -> Pending
A82: MediPro Australia | B82: 1043 | C82: Vitamin C 500mg Tablets | D82: BN-8972 | E82: M24 | G82: 45836 | J82: =IF(ISNUMBER(IFERROR(INDEX('WEEKLY PULL-OUT SCHEDULE'!$T:$T,MATCH(K82,'WEEKLY PULL-OUT SCHEDULE'!$S:$S,0)),"")),"",IFERROR(INDEX('WEEKLY PULL-OUT SCHEDULE'!$T:$T,MATCH(K82,'WEEKLY PULL-OUT SCHEDULE'!$S:$S,0)),"")) -> Completed | K82: =TRIM(CLEAN(B82))&"|"&TRIM(CLEAN(E82)) -> 1043|M24 | L82: =IF(F82="","Pending","Issued") -> Pending
A83: MediPro Australia | B83: 1043 | C83: Vitamin C 500mg Tablets | D83: BN-7475 | E83: M6 | G83: 46019 | J83: =IF(ISNUMBER(IFERROR(INDEX('WEEKLY PULL-OUT SCHEDULE'!$T:$T,MATCH(K83,'WEEKLY PULL-OUT SCHEDULE'!$S:$S,0)),"")),"",IFERROR(INDEX('WEEKLY PULL-OUT SCHEDULE'!$T:$T,MATCH(K83,'WEEKLY PULL-OUT SCHEDULE'!$S:$S,0)),"")) -> Pending | K83: =TRIM(CLEAN(B83))&"|"&TRIM(CLEAN(E83)) -> 1043|M6 | L83: =IF(F83="","Pending","Issued") -> Pending
A84: MediPro Australia | B84: 1043 | C84: Vitamin C 500mg Tablets | D84: BN-5938 | E84: M3 | G84: 46183 | J84: =IF(ISNUMBER(IFERROR(INDEX('WEEKLY PULL-OUT SCHEDULE'!$T:$T,MATCH(K84,'WEEKLY PULL-OUT SCHEDULE'!$S:$S,0)),"")),"",IFERROR(INDEX('WEEKLY PULL-OUT SCHEDULE'!$T:$T,MATCH(K84,'WEEKLY PULL-OUT SCHEDULE'!$S:$S,0)),"")) -> Not Completed | K84: =TRIM(CLEAN(B84))&"|"&TRIM(CLEAN(E84)) -> 1043|M3 | L84: =IF(F84="","Pending","Issued") -> Pending
A85: MediPro Australia | B85: 1046 | C85: CoQ10 100mg Softgels | D85: BN-5742 | E85: M1 | G85: 45809 | J85: =IF(ISNUMBER(IFERROR(INDEX('WEEKLY PULL-OUT SCHEDULE'!$T:$T,MATCH(K85,'WEEKLY PULL-OUT SCHEDULE'!$S:$S,0)),"")),"",IFERROR(INDEX('WEEKLY PULL-OUT SCHEDULE'!$T:$T,MATCH(K85,'WEEKLY PULL-OUT SCHEDULE'!$S:$S,0)),"")) -> Pending | K85: =TRIM(CLEAN(B85))&"|"&TRIM(CLEAN(E85)) -> 1046|M1 | L85: =IF(F85="","Pending","Issued") -> Pending
A86: MediPro Australia | B86: 1046 | C86: CoQ10 100mg Softgels | D86: BN-3878 | E86: M9 | G86: 45928 | J86: =IF(ISNUMBER(IFERROR(INDEX('WEEKLY PULL-OUT SCHEDULE'!$T:$T,MATCH(K86,'WEEKLY PULL-OUT SCHEDULE'!$S:$S,0)),"")),"",IFERROR(INDEX('WEEKLY PULL-OUT SCHEDULE'!$T:$T,MATCH(K86,'WEEKLY PULL-OUT SCHEDULE'!$S:$S,0)),"")) -> Pending | K86: =TRIM(CLEAN(B86))&"|"&TRIM(CLEAN(E86)) -> 1046|M9 | L86: =IF(F86="","Pending","Issued") -> Pending
A87: MediPro Australia | B87: 1046 | C87: CoQ10 100mg Softgels | D87: BN-9196 | E87: M24 | G87: 45869 | J87: =IF(ISNUMBER(IFERROR(INDEX('WEEKLY PULL-OUT SCHEDULE'!$T:$T,MATCH(K87,'WEEKLY PULL-OUT SCHEDULE'!$S:$S,0)),"")),"",IFERROR(INDEX('WEEKLY PULL-OUT SCHEDULE'!$T:$T,MATCH(K87,'WEEKLY PULL-OUT SCHEDULE'!$S:$S,0)),"")) -> Pending | K87: =TRIM(CLEAN(B87))&"|"&TRIM(CLEAN(E87)) -> 1046|M24 | L87: =IF(F87="","Pending","Issued") -> Pending
A88: MediPro Australia | B88: 1046 | C88: CoQ10 100mg Softgels | D88: BN-2180 | E88: M12 | G88: 46097 | J88: =IF(ISNUMBER(IFERROR(INDEX('WEEKLY PULL-OUT SCHEDULE'!$T:$T,MATCH(K88,'WEEKLY PULL-OUT SCHEDULE'!$S:$S,0)),"")),"",IFERROR(INDEX('WEEKLY PULL-OUT SCHEDULE'!$T:$T,MATCH(K88,'WEEKLY PULL-OUT SCHEDULE'!$S:$S,0)),"")) -> Pending | K88: =TRIM(CLEAN(B88))&"|"&TRIM(CLEAN(E88)) -> 1046|M12 | L88: =IF(F88="","Pending","Issued") -> Pending
A89: MediPro Australia | B89: 1055 | C89: Melatonin 3mg Tablets | D89: BN-1307 | E89: M36 | G89: 45921 | J89: =IF(ISNUMBER(IFERROR(INDEX('WEEKLY PULL-OUT SCHEDULE'!$T:$T,MATCH(K89,'WEEKLY PULL-OUT SCHEDULE'!$S:$S,0)),"")),"",IFERROR(INDEX('WEEKLY PULL-OUT SCHEDULE'!$T:$T,MATCH(K89,'WEEKLY PULL-OUT SCHEDULE'!$S:$S,0)),"")) -> Completed | K89: =TRIM(CLEAN(B89))&"|"&TRIM(CLEAN(E89)) -> 1055|M36 | L89: =IF(F89="","Pending","Issued") -> Pending
A90: MediPro Australia | B90: 1055 | C90: Melatonin 3mg Tablets | D90: BN-8033 | E90: M1 | G90: 46088 | J90: =IF(ISNUMBER(IFERROR(INDEX('WEEKLY PULL-OUT SCHEDULE'!$T:$T,MATCH(K90,'WEEKLY PULL-OUT SCHEDULE'!$S:$S,0)),"")),"",IFERROR(INDEX('WEEKLY PULL-OUT SCHEDULE'!$T:$T,MATCH(K90,'WEEKLY PULL-OUT SCHEDULE'!$S:$S,0)),"")) -> Not Completed | K90: =TRIM(CLEAN(B90))&"|"&TRIM(CLEAN(E90)) -> 1055|M1 | L90: =IF(F90="","Pending","Issued") -> Pending
A91: MediPro Australia | B91: 1055 | C91: Melatonin 3mg Tablets | D91: BN-5743 | E91: M12 | G91: 46016 | J91: =IF(ISNUMBER(IFERROR(INDEX('WEEKLY PULL-OUT SCHEDULE'!$T:$T,MATCH(K91,'WEEKLY PULL-OUT SCHEDULE'!$S:$S,0)),"")),"",IFERROR(INDEX('WEEKLY PULL-OUT SCHEDULE'!$T:$T,MATCH(K91,'WEEKLY PULL-OUT SCHEDULE'!$S:$S,0)),"")) -> Pending | K91: =TRIM(CLEAN(B91))&"|"&TRIM(CLEAN(E91)) -> 1055|M12 | L91: =IF(F91="","Pending","Issued") -> Pending
A92: MediPro Australia | B92: 1055 | C92: Melatonin 3mg Tablets | D92: BN-3815 | E92: M24 | G92: 46136 | J92: =IF(ISNUMBER(IFERROR(INDEX('WEEKLY PULL-OUT SCHEDULE'!$T:$T,MATCH(K92,'WEEKLY PULL-OUT SCHEDULE'!$S:$S,0)),"")),"",IFERROR(INDEX('WEEKLY PULL-OUT SCHEDULE'!$T:$T,MATCH(K92,'WEEKLY PULL-OUT SCHEDULE'!$S:$S,0)),"")) -> Not Completed | K92: =TRIM(CLEAN(B92))&"|"&TRIM(CLEAN(E92)) -> 1055|M24 | L92: =IF(F92="","Pending","Issued") -> Pending
A93: MediPro Australia | B93: 1055 | C93: Melatonin 3mg Tablets | D93: BN-2443 | E93: M9 | G93: 46209 | J93: =IF(ISNUMBER(IFERROR(INDEX('WEEKLY PULL-OUT SCHEDULE'!$T:$T,MATCH(K93,'WEEKLY PULL-OUT SCHEDULE'!$S:$S,0)),"")),"",IFERROR(INDEX('WEEKLY PULL-OUT SCHEDULE'!$T:$T,MATCH(K93,'WEEKLY PULL-OUT SCHEDULE'!$S:$S,0)),"")) -> Pending | K93: =TRIM(CLEAN(B93))&"|"&TRIM(CLEAN(E93)) -> 1055|M9 | L93: =IF(F93="","Pending","Issued") -> Pending
A94: MediPro Australia | B94: 1055 | C94: Melatonin 3mg Tablets | D94: BN-7560 | E94: M6 | G94: 45852 | J94: =IF(ISNUMBER(IFERROR(INDEX('WEEKLY PULL-OUT SCHEDULE'!$T:$T,MATCH(K94,'WEEKLY PULL-OUT SCHEDULE'!$S:$S,0)),"")),"",IFERROR(INDEX('WEEKLY PULL-OUT SCHEDULE'!$T:$T,MATCH(K94,'WEEKLY PULL-OUT SCHEDULE'!$S:$S,0)),"")) -> Pending | K94: =TRIM(CLEAN(B94))&"|"&TRIM(CLEAN(E94)) -> 1055|M6 | L94: =IF(F94="","Pending","Issued") -> Pending
A95: AlphaChem Pty Ltd | B95: 1067 | C95: CoQ10 100mg Softgels | D95: BN-6562 | E95: M36 | J95: =IF(ISNUMBER(IFERROR(INDEX('WEEKLY PULL-OUT SCHEDULE'!$T:$T,MATCH(K95,'WEEKLY PULL-OUT SCHEDULE'!$S:$S,0)),"")),"",IFERROR(INDEX('WEEKLY PULL-OUT SCHEDULE'!$T:$T,MATCH(K95,'WEEKLY PULL-OUT SCHEDULE'!$S:$S,0)),"")) -> Pending | K95: =TRIM(CLEAN(B95))&"|"&TRIM(CLEAN(E95)) -> 1067|M36 | L95: =IF(F95="","Pending","Issued") -> Pending
A96: AlphaChem Pty Ltd | B96: 1067 | C96: CoQ10 100mg Softgels | D96: BN-9363 | E96: M24 | G96: 46104 | J96: =IF(ISNUMBER(IFERROR(INDEX('WEEKLY PULL-OUT SCHEDULE'!$T:$T,MATCH(K96,'WEEKLY PULL-OUT SCHEDULE'!$S:$S,0)),"")),"",IFERROR(INDEX('WEEKLY PULL-OUT SCHEDULE'!$T:$T,MATCH(K96,'WEEKLY PULL-OUT SCHEDULE'!$S:$S,0)),"")) -> Not Completed | K96: =TRIM(CLEAN(B96))&"|"&TRIM(CLEAN(E96)) -> 1067|M24 | L96: =IF(F96="","Pending","Issued") -> Pending
A97: AlphaChem Pty Ltd | B97: 1067 | C97: CoQ10 100mg Softgels | D97: BN-6724 | E97: M1 | G97: 45840 | J97: =IF(ISNUMBER(IFERROR(INDEX('WEEKLY PULL-OUT SCHEDULE'!$T:$T,MATCH(K97,'WEEKLY PULL-OUT SCHEDULE'!$S:$S,0)),"")),"",IFERROR(INDEX('WEEKLY PULL-OUT SCHEDULE'!$T:$T,MATCH(K97,'WEEKLY PULL-OUT SCHEDULE'!$S:$S,0)),"")) -> Completed | K97: =TRIM(CLEAN(B97))&"|"&TRIM(CLEAN(E97)) -> 1067|M1 | L97: =IF(F97="","Pending","Issued") -> Pending
A98: AlphaChem Pty Ltd | B98: 1067 | C98: CoQ10 100mg Softgels | D98: BN-4871 | E98: M3 | F98: IN2600290 | G98: 46053 | H98: 46041 | I98: PO-29194 | J98: =IF(ISNUMBER(IFERROR(INDEX('WEEKLY PULL-OUT SCHEDULE'!$T:$T,MATCH(K98,'WEEKLY PULL-OUT SCHEDULE'!$S:$S,0)),"")),"",IFERROR(INDEX('WEEKLY PULL-OUT SCHEDULE'!$T:$T,MATCH(K98,'WEEKLY PULL-OUT SCHEDULE'!$S:$S,0)),"")) -> Pending | K98: =TRIM(CLEAN(B98))&"|"&TRIM(CLEAN(E98)) -> 1067|M3 | L98: =IF(F98="","Pending","Issued") -> Issued
A99: AlphaChem Pty Ltd | B99: 1067 | C99: CoQ10 100mg Softgels | D99: BN-2234 | E99: M6 | G99: 45989 | J99: =IF(ISNUMBER(IFERROR(INDEX('WEEKLY PULL-OUT SCHEDULE'!$T:$T,MATCH(K99,'WEEKLY PULL-OUT SCHEDULE'!$S:$S,0)),"")),"",IFERROR(INDEX('WEEKLY PULL-OUT SCHEDULE'!$T:$T,MATCH(K99,'WEEKLY PULL-OUT SCHEDULE'!$S:$S,0)),"")) -> Pending | K99: =TRIM(CLEAN(B99))&"|"&TRIM(CLEAN(E99)) -> 1067|M6 | L99: =IF(F99="","Pending","Issued") -> Pending
A100: AlphaChem Pty Ltd | B100: 1067 | C100: CoQ10 100mg Softgels | D100: BN-8601 | E100: M9 | G100: 46005 | J100: =IF(ISNUMBER(IFERROR(INDEX('WEEKLY PULL-OUT SCHEDULE'!$T:$T,MATCH(K100,'WEEKLY PULL-OUT SCHEDULE'!$S:$S,0)),"")),"",IFERROR(INDEX('WEEKLY PULL-OUT SCHEDULE'!$T:$T,MATCH(K100,'WEEKLY PULL-OUT SCHEDULE'!$S:$S,0)),"")) -> Pending | K100: =TRIM(CLEAN(B100))&"|"&TRIM(CLEAN(E100)) -> 1067|M9 | L100: =IF(F100="","Pending","Issued") -> Pending
...

Sheet DASHBOARD
B2: Year | C2: (Todas)
B4: Cuenta de Status Final | C4: Etiquetas de columna
B5: Etiquetas de fila | C5: Completed | D5: Not Completed | E5: (en blanco) | F5: Total general
B6: AlphaChem Pty Ltd | C6: 2 | D6: 2 | F6: 4
B7: BioCore Labs
B8: ClearDose Corp | C8: 3 | D8: 1 | F8: 4
B9: HealthSync Ltd | C9: 3 | D9: 2 | F9: 5
B10: MediPro Australia | C10: 2 | D10: 3 | F10: 5
B11: NovaMed Pharma | C11: 3 | D11: 3 | F11: 6
B12: PurePath Wellness | C12: 2 | D12: 4 | F12: 6
B13: VitaShield Inc | D13: 3 | F13: 3
B14: Total general | C14: 15 | D14: 18 | F14: 33
B22: Year | C22: (Todas)
B24: Cuenta de OOS (Clean) | C24: Etiquetas de columna
B25: Etiquetas de fila | C25: Closed | D25: No OOS | E25: Open | F25: Total general
B26: AlphaChem Pty Ltd | C26: 7 | D26: 5 | F26: 12
B27: BioCore Labs | C27: 3 | D27: 2 | E27: 2 | F27: 7
B28: ClearDose Corp | C28: 5 | D28: 8 | E28: 4 | F28: 17
B29: HealthSync Ltd | C29: 2 | D29: 12 | E29: 3 | F29: 17
B30: MediPro Australia | C30: 5 | D30: 11 | E30: 4 | F30: 20
B31: NovaMed Pharma | D31: 11 | E31: 6 | F31: 17
B32: PurePath Wellness | C32: 2 | D32: 5 | E32: 5 | F32: 12
B33: VitaShield Inc | C33: 1 | D33: 3 | E33: 4 | F33: 8
B34: Total general | C34: 25 | D34: 57 | E34: 28 | F34: 110
B43: Cuenta de Invoice Status | C43: Etiquetas de columna
B44: Etiquetas de fila | C44: Issued | D44: Pending | E44: Total general
B45: AlphaChem Pty Ltd | C45: 1 | D45: 9 | E45: 10
B46: BioCore Labs | C46: 1 | D46: 5 | E46: 6
B47: ClearDose Corp | C47: 2 | D47: 13 | E47: 15
B48: HealthSync Ltd | C48: 2 | D48: 15 | E48: 17
B49: MediPro Australia | D49: 20 | E49: 20
B50: NovaMed Pharma | C50: 2 | D50: 13 | E50: 15
B51: PurePath Wellness | C51: 2 | D51: 8 | E51: 10
B52: VitaShield Inc | C52: 1 | D52: 7 | E52: 8
B53: Total general | C53: 11 | D53: 90 | E53: 101
B62: Year | C62: (Todas) | J62: Week (Actual Pull) | K62: (Todas)
B64: Cuenta de OOS (Clean) | C64: Etiquetas de columna | J64: Cuenta de Status Final (Clean) | K64: Etiquetas de columna
B65: Etiquetas de fila | C65: Closed | D65: No OOS | E65: Open | F65: Total general | J65: Etiquetas de fila | K65: Completed | L65: Not Completed | M65: Pending | N65: Total general
C66: 2 | D66: 11 | E66: 4 | F66: 17 | J66: AlphaChem Pty Ltd | K66: 2 | L66: 2 | M66: 8 | N66: 12
B67: Week 3 of April | C67: 2 | D67: 1 | E67: 1 | F67: 4 | J67: BioCore Labs | M67: 7 | N67: 7
B68: Week 4 of May | C68: 1 | D68: 3 | E68: 1 | F68: 5 | J68: ClearDose Corp | K68: 3 | L68: 1 | M68: 13 | N68: 17
B69: Week 3 of May | C69: 1 | D69: 1 | E69: 1 | F69: 3 | J69: HealthSync Ltd | K69: 3 | L69: 2 | M69: 12 | N69: 17
B70: Week 2 of May | C70: 1 | D70: 2 | E70: 1 | F70: 4 | J70: MediPro Australia | K70: 2 | L70: 3 | M70: 15 | N70: 20
B71: Week 1 of October | E71: 1 | F71: 1 | J71: NovaMed Pharma | K71: 3 | L71: 3 | M71: 11 | N71: 17
B72: Week 1 of May | C72: 2 | D72: 3 | F72: 5 | J72: PurePath Wellness | K72: 2 | L72: 4 | M72: 6 | N72: 12
B73: Week 4 of February | D73: 1 | F73: 1 | J73: VitaShield Inc | L73: 3 | M73: 5 | N73: 8
B74: Week 4 of July | E74: 1 | F74: 1 | J74: Total general | K74: 15 | L74: 18 | M74: 77 | N74: 110
B75: Week 4 of January | D75: 1 | F75: 1
B76: Week 1 of November | E76: 1 | F76: 1
B77: Week 5 of August | E77: 1 | F77: 1
B78: Week 1 of January | C78: 2 | D78: 1 | E78: 2 | F78: 5
B79: Week 2 of March | C79: 1 | E79: 3 | F79: 4
B80: Week 3 of September | C80: 1 | D80: 2 | E80: 1 | F80: 4
B81: Week 4 of June | E81: 1 | F81: 1
B82: Week 2 of June | C82: 1 | D82: 2 | E82: 1 | F82: 4
B83: Week 4 of October | D83: 1 | F83: 1
B84: Week 3 of October | D84: 1 | E84: 1 | F84: 2
B85: Week 5 of April | D85: 1 | F85: 1
B86: Week 2 of December | D86: 2 | F86: 2
B87: Week 3 of January | C87: 1 | D87: 1 | F87: 2
B88: Week 4 of December | D88: 2 | F88: 2
B89: Week 1 of June | D89: 3 | F89: 3
B90: Week 3 of February | C90: 2 | F90: 2
B91: Week 3 of June | D91: 4 | F91: 4
B92: Week 2 of April | C92: 1 | F92: 1
B93: Week 2 of August | D93: 2 | E93: 1 | F93: 3
B94: Week 5 of May | D94: 2 | F94: 2
B95: Week 1 of April | C95: 1 | E95: 1 | F95: 2
B96: Week 5 of July | C96: 1 | F96: 1
B97: Week 4 of March | D97: 1 | F97: 1
B98: Week 5 of October | C98: 1 | E98: 1 | F98: 2
B99: Week 1 of February | D99: 2 | F99: 2
B100: Week 4 of April | C100: 2 | F100: 2
B101: Week 5 of June | C101: 1 | F101: 1
B102: Week 5 of January | D102: 1 | E102: 1 | F102: 2
B103: Week 5 of September | E103: 1 | F103: 1
B104: Week 1 of July | E104: 1 | F104: 1
B105: Week 2 of September | D105: 1 | F105: 1
B106: Week 1 of September | D106: 1 | F106: 1
B107: Week 2 of November | D107: 1 | E107: 1 | F107: 2
B108: Week 1 of August | D108: 1 | F108: 1
B109: Week 3 of December | C109: 1 | F109: 1
B110: Week 2 of October | D110: 1 | F110: 1
B111: Week 2 of February | D111: 1 | F111: 1
B112: Total general | C112: 25 | D112: 57 | E112: 28 | F112: 110
